"game_title","total_reviews","positive_count","negative_count","neutral_count","positive_ratio","negative_ratio","neutral_ratio","avg_sentiment_score","median_sentiment_score","min_sentiment_score","max_sentiment_score","sd_sentiment_score","very_positive_count","very_negative_count"
"Call of Duty: Black Ops",2000,1277,361,362,63.85,18.05,18.1,1.33739461305167,1,-5,5,2.23004367625183,507,72
"Call of Duty: Black Ops II",2000,1271,426,303,63.55,21.3,15.15,1.25497614705645,1.06221792392005,-5,5,2.36411640890422,517,101
"Call of Duty: Modern Warfare 2 (2009)",2000,1196,478,326,59.8,23.9,16.3,1.02694332870611,0.714285714285714,-5,5,2.28995833194851,432,95
"Call of Duty: Modern Warfare 3 (2011)",2000,1319,411,270,65.95,20.55,13.5,1.1319145704596,0.933333333333333,-5,5,2.21215568331183,421,90
"Total War: SHOGUN 2",2000,1330,382,288,66.5,19.1,14.4,1.14888608242308,0.941722972972973,-5,5,2.06554100334456,392,60
"Counter-Strike: Condition Zero",1941,1195,427,319,61.5662029881504,21.9989696032973,16.4348274085523,1.03522375256063,0.752688172043011,-5,5,2.13930723740794,369,71
"Call of Duty: Ghosts",1538,952,399,187,61.8985695708713,25.9427828348505,12.1586475942783,0.902895331895741,0.697674418604651,-5,5,2.18977813729074,276,72
"Medal of Honor",1028,720,187,121,70.0389105058366,18.1906614785992,11.7704280155642,1.29893009734281,0.94467108618052,-5,5,2.02101628582808,213,26
"7 Days to Die",1000,648,242,110,64.8,24.2,11,0.868436185976137,0.585379782981154,-5,5,1.96007256944256,141,37
"A Dance of Fire and Ice",1000,687,166,147,68.7,16.6,14.7,1.49303056768488,1.42857142857143,-5,5,2.31531901336064,265,42
"A Plague Tale: Innocence",1000,771,151,78,77.1,15.1,7.8,1.58368258520392,1.11111111111111,-5,5,1.98132857315541,255,13
"A Story About My Uncle",1000,781,112,107,78.1,11.2,10.7,1.68546957084565,1.49094950778025,-5,5,1.94973647994319,238,11
"A Way Out",1000,677,182,141,67.7,18.2,14.1,1.26772811951782,1.18034055727554,-5,5,2.38659970904589,235,59
"ACE COMBAT 7: SKIES UNKNOWN",1000,682,191,127,68.2,19.1,12.7,1.22697699577667,0.880736910148675,-5,5,2.08348497485273,207,27
"AMID EVIL",1000,696,201,103,69.6,20.1,10.3,1.17284730670421,0.872282608695652,-5,5,2.04940777294132,195,29
"ARK: Survival Ascended",1000,569,305,126,56.9,30.5,12.6,0.654031687315122,0.339080459770115,-5,5,2.00208871895985,135,39
"ARK: Survival Evolved",1000,497,340,163,49.7,34,16.3,0.535496664466151,0,-5,5,2.17755512459782,153,55
"ARK: Survival Of The Fittest",1000,605,263,132,60.5,26.3,13.2,0.907885483761656,0.565134099616858,-5,5,2.26066576925243,197,46
"ARMA: Cold War Assault",1000,587,256,157,58.7,25.6,15.7,0.740619890304313,0.434782608695652,-5,5,2.05293578279681,145,48
"ARMORED CORE VI FIRES OF RUBICON",1000,678,188,134,67.8,18.8,13.4,1.11018429748257,0.840395480225989,-5,5,1.96449619582214,182,28
"ASTRONEER",1000,729,160,111,72.9,16,11.1,1.56544791707482,1.30434782608696,-5,5,2.076940649521,269,20
"ATLAS",1000,537,354,109,53.7,35.4,10.9,0.478987946555126,0.249223602484472,-5,5,2.02402935549214,121,47
"Age of Empires II (Retired)",1000,745,92,163,74.5,9.2,16.3,1.74901157413103,1.53846153846154,-5,5,1.91741716974665,281,10
"Age of Empires II: Definitive Edition",1000,755,98,147,75.5,9.8,14.7,1.86821890594271,1.68079096045198,-4.28571428571429,5,1.91730107051733,315,3
"Age of Empires IV: Anniversary Edition",1000,740,149,111,74,14.9,11.1,1.67277878860884,1.3050401550817,-5,5,2.12252840709685,278,20
"Age of History II",1000,657,169,174,65.7,16.9,17.4,1.37921890198561,1.11111111111111,-5,5,2.24964107515224,262,39
"Age of Mythology: Extended Edition",1000,760,90,150,76,9,15,1.77005492175254,1.55048076923077,-5,5,1.84549816223695,281,7
"Age of Wonders III",1000,737,157,106,73.7,15.7,10.6,1.35849866816496,1,-5,5,1.95568628941414,215,19
"Alan Wake",1000,647,196,157,64.7,19.6,15.7,0.961232108624845,0.625,-5,5,1.82823957294154,145,24
"Alan Wake's American Nightmare",1000,707,162,131,70.7,16.2,13.1,1.01719466525759,0.697362678471226,-5,5,1.67275883702054,127,20
"Alien: Isolation",1000,691,202,107,69.1,20.2,10.7,1.00430087628247,0.82079496968336,-5,5,1.9412322483526,159,34
"Aliens vs. Predator",1000,713,158,129,71.3,15.8,12.9,1.39845679925586,1.01498708010336,-5,5,2.01886188570685,234,21
"American Truck Simulator",1000,776,101,123,77.6,10.1,12.3,1.8551796509082,1.66666666666667,-5,5,2.01957755843602,289,15
"Amnesia: The Dark Descent",1000,580,250,170,58,25,17,0.752517823501019,0.412414965986395,-5,5,1.87643936223111,133,29
"Among Us",1000,614,213,173,61.4,21.3,17.3,1.31524173661612,1.10350076103501,-5,5,2.45822028225736,283,51
"Arma 2",1000,625,223,152,62.5,22.3,15.2,0.97571892636992,0.725955204216074,-5,5,2.05175736805049,172,35
"Arma 2: Operation Arrowhead",1000,630,195,175,63,19.5,17.5,1.14156338839405,0.858511422254974,-5,5,2.12618206210747,204,37
"Arma 3",1000,587,229,184,58.7,22.9,18.4,0.93547633785652,0.574175824175824,-5,5,2.15536157055817,184,39
"Aseprite",1000,787,57,156,78.7,5.7,15.6,1.99366540889121,1.81818181818182,-5,5,1.85084177940297,314,7
"Assassin's Creed 2",1000,695,185,120,69.5,18.5,12,1.16339767153315,0.909090909090909,-5,5,1.92865696035028,188,21
"Assassin's Creed Odyssey",1000,767,145,88,76.7,14.5,8.8,1.53881908406559,1.31838830732767,-5,5,1.96902782026317,240,17
"Assassin's Creed Origins",1000,741,139,120,74.1,13.9,12,1.51894821173095,1.19688214758637,-5,5,2.0393872654704,250,22
"Assassin's Creed Syndicate",1000,664,203,133,66.4,20.3,13.3,1.03979829681699,0.696059431524548,-5,5,2.04036075451428,181,36
"Assassin's Creed Unity",1000,609,249,142,60.9,24.9,14.2,0.928889965803367,0.582579185520362,-5,5,2.10606709980323,180,38
"Assassin's Creed: Director's Cut Edition",1000,625,247,128,62.5,24.7,12.8,0.703893784253642,0.437517090511348,-5,5,1.61147406622638,95,18
"Assassin’s Creed Brotherhood",1000,707,174,119,70.7,17.4,11.9,1.17478962068499,0.866881374127751,-5,5,2.04022418475514,195,34
"Assassin’s Creed IV Black Flag",1000,663,202,135,66.3,20.2,13.5,1.1875545996692,0.805405405405405,-5,5,1.98789357990787,198,24
"Assetto Corsa",1000,725,135,140,72.5,13.5,14,1.58879788511366,1.42857142857143,-5,5,2.17558091932064,274,30
"Assetto Corsa Competizione",1000,761,111,128,76.1,11.1,12.8,1.74515112890562,1.5,-5,5,2.06853239946912,293,23
"Atomic Heart",1000,636,269,95,63.6,26.9,9.5,0.90784825502219,0.554159687325517,-5,5,1.94082764348233,150,24
"Awesomenauts",1000,684,203,113,68.4,20.3,11.3,1.23215505008472,0.955642530984997,-5,5,2.17300377767107,219,36
"BATTLETECH",1000,777,127,96,77.7,12.7,9.6,1.61907528848395,1.33333333333333,-5,5,1.83710372860504,234,9
"BIGFOOT",1000,613,255,132,61.3,25.5,13.2,1.05389723431099,0.769230769230769,-5,5,2.3298685101045,210,50
"BONEWORKS",1000,718,127,155,71.8,12.7,15.5,1.54623600171861,1.30032206119163,-5,5,2.07581141661261,246,24
"Back 4 Blood",1000,585,294,121,58.5,29.4,12.1,0.599658284279755,0.348748821794521,-5,5,2.03612575332621,127,51
"Balatro",1000,632,151,217,63.2,15.1,21.7,1.28033008339012,1.01769275028769,-5,5,2.085558887183,207,26
"Baldur's Gate 3",1000,738,124,138,73.8,12.4,13.8,1.46200516033156,1.17647058823529,-5,5,1.93491057608764,225,21
"Baldur's Gate II: Enhanced Edition",1000,738,130,132,73.8,13,13.2,1.38657843346547,1.04031385281385,-5,5,1.94906908179591,215,22
"Baldur's Gate: Enhanced Edition",1000,760,105,135,76,10.5,13.5,1.39062390342572,1.03107537140521,-5,5,1.72941508964673,196,8
"Banished",1000,719,166,115,71.9,16.6,11.5,1.36033153088915,1.10243055555556,-5,5,1.91591241742305,215,17
"Barotrauma",1000,528,279,193,52.8,27.9,19.3,0.636499493282524,0.216374269005848,-5,5,2.0721153295004,138,46
"Bastion",1000,852,70,78,85.2,7,7.8,1.85833179117637,1.48148148148148,-3.33333333333333,5,1.71299031183054,264,3
"Batman: Arkham Asylum Game of the Year Edition",1000,721,143,136,72.1,14.3,13.6,1.43120245606165,1.25,-5,5,2.0631590516766,233,28
"Batman: Arkham City - Game of the Year Edition",1000,725,123,152,72.5,12.3,15.2,1.54270390002673,1.30637952052011,-5,5,2.07959716394986,256,24
"Batman: Arkham Knight",1000,698,138,164,69.8,13.8,16.4,1.425412312495,1.2129516117401,-5,5,2.0741670945358,240,32
"Batman: Arkham Origins",1000,697,164,139,69.7,16.4,13.9,1.30234256878718,1.01020408163265,-5,5,2.05418678912224,215,30
"BattleBit Remastered",1000,430,421,149,43,42.1,14.9,-0.0900991780969521,0,-5,5,2.10386193992435,72,99
"BattleBlock Theater",1000,691,160,149,69.1,16,14.9,1.5222268882374,1.37626262626263,-5,5,2.38940191663336,294,49
"Battlefield 1",1000,606,255,139,60.6,25.5,13.9,0.991739457551912,0.788437629506838,-5,5,2.27431292304778,205,50
"Battlefield 2042",1000,455,403,142,45.5,40.3,14.2,0.156455475239179,0,-5,5,2.1574859082395,90,91
"Battlefield 3",1000,564,293,143,56.4,29.3,14.3,0.728875214935298,0.333333333333333,-5,5,2.04700465181701,157,33
"Battlefield 4",1000,544,326,130,54.4,32.6,13,0.666669807693893,0.368788819875776,-5,5,2.33680697570585,174,69
"Battlefield V",1000,490,336,174,49,33.6,17.4,0.565991512955927,0,-5,5,2.29154755605793,175,66
"Bayonetta",1000,602,222,176,60.2,22.2,17.6,0.890157225770847,0.63878363936656,-5,5,2.02402381840649,155,33
"BeamNG.drive",1000,737,107,156,73.7,10.7,15.6,1.91057169014852,1.81818181818182,-5,5,2.26459304678441,356,28
"Beat Saber",1000,707,145,148,70.7,14.5,14.8,1.45914794569827,1.24446902654867,-5,5,2.10496777863951,243,28
"Beholder",1000,600,252,148,60,25.2,14.8,0.76601607290789,0.454545454545455,-5,5,1.94405857724082,132,34
"Besiege",1000,686,164,150,68.6,16.4,15,1.3810216281871,1.11111111111111,-5,5,2.24161002359305,251,38
"BioShock",1000,688,172,140,68.8,17.2,14,1.16392726094802,0.927544024734507,-5,5,2.0685924751892,183,36
"BioShock 2",1000,716,141,143,71.6,14.1,14.3,1.2331059636546,0.875959079283887,-5,5,1.82623580336486,186,16
"BioShock 2 Remastered",1000,720,166,114,72,16.6,11.4,1.21727042303089,0.894189765458422,-5,5,1.79741506084985,181,11
"BioShock Infinite",1000,665,202,133,66.5,20.2,13.3,1.0668881941428,0.681818181818182,-5,5,1.93650237626151,177,26
"BioShock Remastered",1000,687,163,150,68.7,16.3,15,1.19921016799872,0.855396168287282,-5,5,2.04460610491166,194,31
"Black Desert",1000,582,263,155,58.2,26.3,15.5,0.63774660622853,0.37037037037037,-5,5,1.86427039557919,110,36
"Black Mesa",1000,771,125,104,77.1,12.5,10.4,1.59821264134428,1.33333333333333,-5,5,1.92766955931794,243,14
"Black Myth: Wukong",1000,744,160,96,74.4,16,9.6,1.56556122738916,1.26225490196078,-5,5,2.07672863187948,259,22
"Blade and Sorcery",1000,690,178,132,69,17.8,13.2,1.45351111274617,1.30434782608696,-5,5,2.16575142021281,253,30
"Blasphemous",1000,599,275,126,59.9,27.5,12.6,0.807894745285878,0.446464163278323,-5,5,2.07027475753868,155,44
"Bloodstained: Ritual of the Night",1000,749,155,96,74.9,15.5,9.6,1.219623387775,0.909090909090909,-5,5,1.71308140949418,165,15
"Bloons TD 6",1000,687,139,174,68.7,13.9,17.4,1.66056130452085,1.42857142857143,-5,5,2.29876131478303,304,31
"Borderlands 2",1000,679,194,127,67.9,19.4,12.7,1.2932344016257,1.07142857142857,-5,5,2.20355291514467,230,39
"Borderlands 3",1000,637,245,118,63.7,24.5,11.8,1.06206204346541,0.700527542632806,-5,5,2.15395271902782,198,38
"Borderlands Game of the Year",1000,482,350,168,48.2,35,16.8,0.254813093928713,0,-5,5,2.12060428771236,106,71
"Borderlands: The Pre-Sequel",1000,430,387,183,43,38.7,18.3,0.0713247013205884,0,-5,5,1.93992743002927,85,69
"Braid",1000,769,133,98,76.9,13.3,9.8,1.48592749651533,1.19047619047619,-5,5,1.85529563268817,213,14
"Brick Rigs",1000,748,124,128,74.8,12.4,12.8,2.00102340030042,2,-5,5,2.24424712587811,382,22
"Bright Memory",1000,731,152,117,73.1,15.2,11.7,1.11231759898801,0.869565217391304,-5,5,1.74608570826147,140,19
"Bright Memory: Infinite",1000,797,129,74,79.7,12.9,7.4,1.57158598418549,1.20646335123895,-5,5,1.8924603472744,232,11
"Broforce",1000,696,142,162,69.6,14.2,16.2,1.55550571460547,1.38998211091234,-5,5,2.20569292673454,277,30
"Brotato",1000,718,134,148,71.8,13.4,14.8,1.70155522397141,1.5,-5,5,2.11924572688333,285,22
"Brothers - A Tale of Two Sons",1000,788,101,111,78.8,10.1,11.1,1.38569388297789,1.11111111111111,-5,5,1.76316187610817,181,15
"Brutal Legend",1000,703,177,120,70.3,17.7,12,1.23620790161943,1.03807471264368,-5,5,2.0308086720218,199,34
"Bully: Scholarship Edition",1000,620,208,172,62,20.8,17.2,0.83494111761755,0.714285714285714,-5,5,1.83982189993064,126,30
"CODE VEIN",1000,692,207,101,69.2,20.7,10.1,1.0639027091874,0.717503217503218,-5,5,1.94358239253508,164,21
"Call of Duty 2",1000,715,153,132,71.5,15.3,13.2,1.24995762880497,1,-5,5,1.99544027447792,190,28
"Call of Duty 4: Modern Warfare (2007)",1000,653,183,164,65.3,18.3,16.4,1.28289636540317,1,-5,5,2.11327298576823,225,27
"Call of Duty: Black Ops III",1000,669,173,158,66.9,17.3,15.8,1.49022810934806,1.42857142857143,-5,5,2.3726729864367,287,52
"Call of Duty: Infinite Warfare",1000,650,196,154,65,19.6,15.4,1.08093024713154,0.76505016722408,-5,5,2.02438277595361,187,35
"Call of Duty: Modern Warfare II",1000,408,430,162,40.8,43,16.2,0.135187996514718,0,-5,5,2.39814656928522,143,100
"Call of Duty: WWII",1000,628,273,99,62.8,27.3,9.9,0.987011868445674,0.652173913043478,-5,5,2.20795569912073,207,40
"Call of Duty: World at War",1000,657,207,136,65.7,20.7,13.6,1.11440298775625,0.967741935483871,-5,5,2.19456361871756,204,48
"Call of Juarez: Gunslinger",1000,733,133,134,73.3,13.3,13.4,1.40781900037094,1.2,-5,5,2.04798943066199,218,31
"Capcom Arcade Stadium",1000,591,244,165,59.1,24.4,16.5,0.586406353909516,0.384615384615385,-5,5,1.70264556569479,85,33
"Car Mechanic Simulator 2018",1000,708,127,165,70.8,12.7,16.5,1.59622771964722,1.26329787234043,-5,5,2.02488189081345,265,17
"Car Mechanic Simulator 2021",1000,760,106,134,76,10.6,13.4,1.63101779706855,1.31378644939966,-5,5,1.9037874071153,252,9
"CarX Drift Racing Online",1000,767,101,132,76.7,10.1,13.2,2.06389501350623,2.10526315789474,-5,5,2.26162811953977,389,26
"Castle Crashers",1000,690,119,191,69,11.9,19.1,1.64797096897131,1.5,-5,5,2.1801359989635,293,25
"Celeste",1000,716,156,128,71.6,15.6,12.8,1.42016322062546,1.16843971631206,-5,5,2.08070138679835,236,24
"Chained Together",1000,599,227,174,59.9,22.7,17.4,1.00820224460066,0.740740740740741,-5,5,2.48662915424761,232,71
"Chivalry 2",1000,535,342,123,53.5,34.2,12.3,0.564713928951372,0.333333333333333,-5,5,2.34842537077483,157,74
"Chivalry: Medieval Warfare",1000,552,309,139,55.2,30.9,13.9,0.680810253010138,0.350985221674877,-5,5,2.25336498399688,160,65
"Cities: Skylines",1000,701,163,136,70.1,16.3,13.6,1.441894309878,1.11111111111111,-5,5,2.06479611902432,251,22
"Cities: Skylines II",1000,599,272,129,59.9,27.2,12.9,0.69619242810079,0.384615384615385,-5,5,1.82758961969182,123,25
"Clair Obscur: Expedition 33",1000,798,91,111,79.8,9.1,11.1,1.58970827400938,1.36363636363636,-5,5,1.77583626737451,218,12
"Command & Conquer Remastered Collection",1000,755,113,132,75.5,11.3,13.2,1.78965451769596,1.51229273870783,-5,5,2.03480932128261,297,9
"Command & Conquer: Red Alert 3",1000,668,180,152,66.8,18,15.2,1.27590885176677,0.940448113207547,-5,5,2.05104680209951,217,21
"Company of Heroes",1000,776,116,108,77.6,11.6,10.8,1.75651866471229,1.62162162162162,-5,5,2.01539239458775,283,14
"Company of Heroes - Legacy Edition",1000,767,128,105,76.7,12.8,10.5,1.77324544842219,1.53846153846154,-5,5,2.02967856148092,295,12
"Company of Heroes 2",1000,591,255,154,59.1,25.5,15.4,0.902617736657693,0.652173913043478,-5,5,2.27365426305756,197,54
"Conan Exiles",1000,673,220,107,67.3,22,10.7,1.09082526600765,0.833333333333333,-5,5,1.93537032870773,171,23
"Content Warning",1000,643,199,158,64.3,19.9,15.8,1.29812382230874,1.11111111111111,-5,5,2.34997102398993,261,52
"Control Ultimate Edition",1000,685,206,109,68.5,20.6,10.9,1.00920765523731,0.692928852029681,-5,5,1.85788436869772,153,26
"Cookie Clicker",1000,546,163,291,54.6,16.3,29.1,0.9318236470908,0.422907817274014,-5,5,1.97930767859556,159,31
"Core Keeper",1000,788,105,107,78.8,10.5,10.7,1.79530387897456,1.51338971106413,-5,5,1.90027494878921,275,12
"Counter-Strike",1000,581,177,242,58.1,17.7,24.2,1.15670161711398,0.685736677115987,-5,5,2.2126904164852,222,36
"Counter-Strike: Source",1000,629,190,181,62.9,19,18.1,1.20761972433379,1.04329004329004,-5,5,2.29870608264801,241,51
"Craftopia",1000,714,178,108,71.4,17.8,10.8,1.09948148527476,0.736842105263158,-5,5,1.78722185728176,156,16
"Creativerse",1000,621,242,137,62.1,24.2,13.7,0.648769428512017,0.460654288240495,-5,5,1.81642287478767,107,31
"Crosshair X",1000,656,134,210,65.6,13.4,21,1.58331587240936,1.42857142857143,-5,5,2.21590715492841,289,31
"Cruelty Squad",1000,458,310,232,45.8,31,23.2,0.339212883273761,0,-5,5,2.14767320970987,114,73
"Crusader Kings III",1000,596,250,154,59.6,25,15.4,0.82582839433195,0.487804878048781,-5,5,1.99480785937935,154,34
"Crypt of the NecroDancer",1000,656,185,159,65.6,18.5,15.9,1.07534257232486,0.81892697466468,-5,5,2.03223394377409,183,30
"Crysis",1000,595,226,179,59.5,22.6,17.9,0.726945278429344,0.394589597625651,-5,5,1.68864415545709,106,16
"Crysis 2 - Maximum Edition",1000,708,181,111,70.8,18.1,11.1,1.38726780794149,0.952380952380952,-5,5,1.99977771754069,223,16
"Crysis Warhead",1000,725,149,126,72.5,14.9,12.6,1.14669627241404,0.775240384615385,-5,5,1.74487933009202,153,10
"Cult of the Lamb",1000,768,117,115,76.8,11.7,11.5,1.65836736768279,1.42857142857143,-5,5,2.019346614551,259,17
"Cuphead",1000,692,155,153,69.2,15.5,15.3,1.44251018684035,1.31578947368421,-5,5,2.28486689788998,268,42
"Cyberpunk 2077",1000,731,136,133,73.1,13.6,13.3,1.46250822672994,1.21845174973489,-5,5,2.00176607653,237,25
"DARK SOULS II: Scholar of the First Sin",1000,490,356,154,49,35.6,15.4,0.385795457481757,0,-5,5,1.97870196445939,107,53
"DARK SOULS III",1000,647,195,158,64.7,19.5,15.8,1.04355285884224,0.807608695652174,-5,5,2.13302683955318,192,48
"DARK SOULS: REMASTERED",1000,615,231,154,61.5,23.1,15.4,0.898394199064544,0.593262946204123,-5,5,2.11006928921365,166,45
"DAVE THE DIVER",1000,832,90,78,83.2,9,7.8,1.86318397684493,1.66666666666667,-5,5,1.88503834896821,274,13
"DEATH STRANDING DIRECTOR'S CUT",1000,673,179,148,67.3,17.9,14.8,1.06195188871632,0.686707928087238,-5,5,1.81634118721647,162,16
"DEVOUR",1000,592,248,160,59.2,24.8,16,0.930495498591375,0.592625109745391,-5,5,2.24780101884381,208,50
"DISTRAINT: Deluxe Edition",1000,733,171,96,73.3,17.1,9.6,1.24697215429187,0.923076923076923,-5,5,1.83666706717531,179,17
"DOOM",1000,576,265,159,57.6,26.5,15.9,0.7701948687685,0.526315789473684,-5,5,2.22205284051418,169,58
"DOOM + DOOM II",1000,614,240,146,61.4,24,14.6,0.753483143213318,0.555555555555556,-5,5,2.11909272413155,151,44
"DOOM Eternal",1000,549,275,176,54.9,27.5,17.6,0.7167505581208,0.372685185185185,-5,5,2.13944291100934,166,40
"DRAGON BALL FighterZ",1000,622,201,177,62.2,20.1,17.7,1.07527060019024,0.909090909090909,-5,5,2.22951994280051,213,49
"DRAGON BALL XENOVERSE",1000,712,157,131,71.2,15.7,13.1,1.28703001735461,0.937958211143695,-5,5,1.99204289440889,206,26
"DRAGON BALL XENOVERSE 2",1000,655,169,176,65.5,16.9,17.6,1.23080310778717,0.925642594859241,-5,5,2.08743240721056,207,30
"DRAGON BALL Z: KAKAROT",1000,785,112,103,78.5,11.2,10.3,1.78508223981356,1.52146464646465,-5,5,2.02333493673156,291,17
"DRAGON BALL: Sparking! ZERO",1000,617,258,125,61.7,25.8,12.5,0.771282066647244,0.538127413127413,-5,5,2.07390753854043,151,42
"DREDGE",1000,815,89,96,81.5,8.9,9.6,1.74192048434173,1.50268817204301,-5,5,1.8540600694813,251,10
"DUSK",1000,693,177,130,69.3,17.7,13,1.22508183096262,1,-5,5,2.05211629315297,198,31
"DYNASTY WARRIORS 8: Xtreme Legends Complete Edition",1000,655,215,130,65.5,21.5,13,0.99090437066616,0.662280701754386,-5,5,2.04830553374464,174,32
"Dark Messiah of Might & Magic",1000,699,170,131,69.9,17,13.1,1.04587301713087,0.765971316818774,-5,5,1.75736366558234,146,19
"Darkest Dungeon",1000,530,300,170,53,30,17,0.516072102613297,0.2,-5,5,1.98047371110965,117,46
"Darksiders",1000,675,209,116,67.5,20.9,11.6,1.07793752207658,0.712593094109682,-5,5,2.03161922366995,188,30
"Darksiders II Deathinitive Edition",1000,665,226,109,66.5,22.6,10.9,0.943802960243187,0.560796645702306,-5,5,1.79302509269561,136,19
"Darksiders III",1000,619,295,86,61.9,29.5,8.6,0.801574544412795,0.433857852733022,-5,5,2.02329084252445,150,39
"Darksiders Warmastered Edition",1000,682,207,111,68.2,20.7,11.1,0.946839338124268,0.666666666666667,-5,5,1.89388539963994,143,27
"Day of Defeat",1000,676,172,152,67.6,17.2,15.2,1.31106511680216,1,-5,5,2.18232325729667,244,32
"Day of Defeat: Source",1000,655,189,156,65.5,18.9,15.6,1.22670962316308,0.88235294117647,-5,5,2.27324603950218,240,38
"Day of Infamy",1000,599,264,137,59.9,26.4,13.7,0.792437567037513,0.559027777777778,-5,5,2.1373064716241,148,52
"DayZ",1000,559,301,140,55.9,30.1,14,0.79976093001352,0.37976204783079,-5,5,2.24453637970227,186,48
"Days Gone",1000,765,136,99,76.5,13.6,9.9,1.54954789145228,1.33333333333333,-5,5,1.99817569018785,246,22
"Dead Bits",1000,466,355,179,46.6,35.5,17.9,0.444105660643069,0,-5,5,2.20165417898973,132,61
"Dead Cells",1000,646,209,145,64.6,20.9,14.5,1.12259898185101,0.925642594859241,-5,5,2.22240155109354,205,44
"Dead Island Definitive Edition",1000,592,286,122,59.2,28.6,12.2,0.693793709403126,0.434782608695652,-5,5,2.11914733758473,150,54
"Dead Rising 3 Apocalypse Edition",1000,592,271,137,59.2,27.1,13.7,0.751623542763704,0.444139194139194,-5,5,2.15221621352532,158,53
"Dead Space (2008)",1000,616,254,130,61.6,25.4,13,0.700324576369513,0.390883626177744,-5,5,1.94869622129427,124,45
"Dead by Daylight",1000,474,363,163,47.4,36.3,16.3,0.292823065894779,0,-5,5,2.20145011176546,119,71
"Deadlink",1000,734,184,82,73.4,18.4,8.2,1.13310172509688,0.869565217391304,-5,5,1.91894588253566,165,25
"Deathmatch Classic",1000,634,199,167,63.4,19.9,16.7,0.918086939779689,0.714285714285714,-5,5,2.00968283015815,150,39
"Deep Rock Galactic",1000,628,155,217,62.8,15.5,21.7,1.23964463255658,0.909090909090909,-5,5,2.09487964550708,215,27
"Demonologist",1000,637,239,124,63.7,23.9,12.4,0.896818588432967,0.597346568055015,-5,5,2.09795553785556,167,44
"Deponia: The Complete Journey",1000,768,143,89,76.8,14.3,8.9,1.51862457204056,1.12159329140461,-5,5,1.9325136003708,218,10
"Depth",1000,696,166,138,69.6,16.6,13.8,1.34720936498276,1.04805491990847,-5,5,2.07327137878818,227,27
"Detroit: Become Human",1000,738,115,147,73.8,11.5,14.7,1.49016223993908,1.25,-5,5,1.88187606703808,215,20
"Deus Ex: Game of the Year Edition",1000,668,156,176,66.8,15.6,17.6,0.901548204208184,0.625,-5,5,1.78329039424925,125,33
"Deus Ex: Human Revolution - Director's Cut",1000,713,170,117,71.3,17,11.7,1.20407874753455,0.833333333333333,-5,5,1.77140743168134,176,10
"Deus Ex: Mankind Divided",1000,678,193,129,67.8,19.3,12.9,0.9376772471562,0.653189760260057,-5,5,1.83038697638395,142,25
"Devil May Cry 5",1000,588,219,193,58.8,21.9,19.3,1.0050229362758,0.603030303030303,-5,5,2.01837202153333,178,25
"DiRT Rally 2.0",1000,675,161,164,67.5,16.1,16.4,1.3705535111943,1.11111111111111,-5,5,2.1532874693281,246,31
"Diablo IV",1000,629,255,116,62.9,25.5,11.6,0.895139690064247,0.560796645702306,-5,5,2.0085707061268,157,31
"Disco Elysium - The Final Cut",1000,659,206,135,65.9,20.6,13.5,0.915813625845512,0.666666666666667,-5,5,1.93257366634113,151,33
"Dishonored",1000,747,133,120,74.7,13.3,12,1.52784750994676,1.21748336358137,-5,5,1.99349606418271,246,23
"Dishonored 2",1000,757,141,102,75.7,14.1,10.2,1.51081788766311,1.17647058823529,-5,5,1.87233233754362,222,13
"Divinity: Original Sin - Enhanced Edition",1000,735,174,91,73.5,17.4,9.1,1.28322243436831,0.90282131661442,-5,5,1.85399962848213,186,13
"Divinity: Original Sin 2 - Definitive Edition",1000,737,160,103,73.7,16,10.3,1.51263880991369,1.22859216255443,-5,5,2.02969980187055,254,20
"DmC: Devil May Cry",1000,607,271,122,60.7,27.1,12.2,0.722118945771089,0.476190476190476,-5,5,1.93331842051148,115,36
"Dome Keeper",1000,818,79,103,81.8,7.9,10.3,1.89859773937326,1.53846153846154,-5,5,1.91359959825904,298,9
"Don't Starve",1000,626,246,128,62.6,24.6,12.8,1.05392751732814,0.840015395471166,-5,5,2.20693432757932,203,43
"Don't Starve Together",1000,625,215,160,62.5,21.5,16,0.969554410878138,0.79156223893066,-5,5,2.27056133687529,199,54
"Dragon Age: Origins - Ultimate Edition",1000,737,151,112,73.7,15.1,11.2,1.07039798098793,0.769230769230769,-5,5,1.69628798597575,136,16
"Dragon Age: The Veilguard",1000,711,228,61,71.1,22.8,6.1,0.721193652223409,0.5,-5,5,1.50368955629229,85,18
"Dragon's Dogma 2",1000,601,296,103,60.1,29.6,10.3,0.450929477174478,0.352677402461377,-5,5,1.69877650437489,65,31
"Dragon's Dogma: Dark Arisen",1000,664,211,125,66.4,21.1,12.5,0.945234851295289,0.702372562837679,-5,5,1.93101586209263,149,30
"Duck Game",1000,650,157,193,65,15.7,19.3,1.37909305570541,1.13519212746017,-5,5,2.35178938662265,264,53
"Dungeon Defenders",1000,800,89,111,80,8.9,11.1,1.87393009227305,1.66666666666667,-5,5,1.88799664068042,272,11
"Dwarf Fortress",1000,655,206,139,65.5,20.6,13.9,0.826495245422793,0.6138147566719,-5,5,1.78460150859622,121,31
"Dying Light",1000,671,203,126,67.1,20.3,12.6,1.3207413708212,1.17647058823529,-5,5,2.26749366699221,251,42
"Dying Light 2 Stay Human: Reloaded Edition",1000,572,330,98,57.2,33,9.8,0.675582589429882,0.383147386964181,-5,5,2.11609411930075,152,45
"Dyson Sphere Program",1000,766,104,130,76.6,10.4,13,1.52459898390519,1.23917449788097,-5,5,1.83095412027885,220,12
"EA SPORTS FC 24",1000,425,354,221,42.5,35.4,22.1,0.239049652156485,0,-5,5,2.5512855523432,167,112
"EA SPORTS FC 25",1000,370,439,191,37,43.9,19.1,0.0296284765037368,0,-5,5,2.46516077176391,143,107
"EARTH DEFENSE FORCE 4.1 The Shadow of New Despair",1000,557,248,195,55.7,24.8,19.5,0.793417066680174,0.435607557909716,-5,5,2.13224283826159,169,46
"ELDEN RING",1000,641,202,157,64.1,20.2,15.7,1.09084710635626,0.769230769230769,-5,5,2.20413161323836,204,47
"ELDEN RING NIGHTREIGN",1000,616,222,162,61.6,22.2,16.2,0.836773136594918,0.567109777015437,-5,5,2.12002978222212,154,47
"ENDLESS Legend",1000,735,168,97,73.5,16.8,9.7,1.18819738212204,0.952380952380952,-5,5,1.81253049641735,159,20
"ENDLESS Space - Definitive Edition",1000,702,170,128,70.2,17,12.8,1.06853111225234,0.769230769230769,-5,5,1.79496289769027,161,22
"ENDLESS Space 2",1000,724,157,119,72.4,15.7,11.9,1.28250310312509,1.06382978723404,-5,5,1.81282903759025,177,17
"Eador. Masters of the Broken World",1000,711,206,83,71.1,20.6,8.3,0.768615867003753,0.520231213872832,-5,5,1.53952008808485,87,14
"Elite Dangerous",1000,673,223,104,67.3,22.3,10.4,0.841311037570129,0.555555555555556,-5,5,1.69535455793056,109,19
"Enclave",1000,638,230,132,63.8,23,13.2,0.82896913115837,0.5,-5,5,1.84575503105854,134,30
"Enshrouded",1000,801,121,78,80.1,12.1,7.8,1.50601927644034,1.24717194570136,-5,5,1.75705669997747,210,9
"Enter the Gungeon",1000,626,231,143,62.6,23.1,14.3,0.965437095299738,0.75,-5,5,2.22234328778654,189,48
"Escape the Backrooms",1000,703,160,137,70.3,16,13.7,1.5749521894983,1.48148148148148,-5,5,2.33857331568247,298,40
"Euro Truck Simulator 2",1000,714,117,169,71.4,11.7,16.9,1.6944929626575,1.40993788819876,-5,5,2.0489455968031,289,12
"Europa Universalis IV",1000,605,191,204,60.5,19.1,20.4,0.999728648049004,0.683374844333748,-5,5,2.06038617127907,189,36
"FEZ",1000,797,98,105,79.7,9.8,10.5,1.54275847770758,1.25,-5,5,1.88831867522373,216,20
"FINAL FANTASY VII",1000,735,149,116,73.5,14.9,11.6,1.31145630617079,1.03948051948052,-5,5,1.84685602952721,189,16
"FINAL FANTASY XIV Online",1000,567,294,139,56.7,29.4,13.9,0.605678485807582,0.324112574955136,-5,5,1.95617754644558,121,44
"FINAL FANTASY XV WINDOWS EDITION",1000,708,186,106,70.8,18.6,10.6,1.06032223350347,0.740740740740741,-5,5,1.83142878520213,152,20
"FOR HONOR",1000,458,389,153,45.8,38.9,15.3,0.113261954594202,0,-5,5,2.17232311451285,96,84
"FTL: Faster Than Light",1000,673,201,126,67.3,20.1,12.6,1.26191713217425,0.993827160493827,-5,5,2.16772729989829,222,33
"Factorio",1000,646,133,221,64.6,13.3,22.1,1.20695431701548,0.903983656792646,-5,5,1.93034274200639,182,23
"Fallout 3: Game of the Year Edition",1000,655,209,136,65.5,20.9,13.6,0.994989611327917,0.719461697722567,-5,5,2.00018454949644,172,35
"Fallout 4",1000,673,183,144,67.3,18.3,14.4,1.22897859989071,0.909090909090909,-5,5,2.01994125624343,205,26
"Fallout 76",1000,660,227,113,66,22.7,11.3,0.800373123254822,0.580432341381246,-5,5,1.76187884925653,119,22
"Fallout: A Post Nuclear Role Playing Game",1000,681,184,135,68.1,18.4,13.5,0.990741327127789,0.769230769230769,-5,5,1.94556676899732,157,36
"Fallout: New Vegas",1000,659,173,168,65.9,17.3,16.8,1.23662315041762,0.991803278688525,-5,5,2.02680811142073,205,29
"Far Cry",1000,556,320,124,55.6,32,12.4,0.582256754562953,0.281531531531532,-5,5,1.90902067063568,110,38
"Far Cry 2",1000,512,340,148,51.2,34,14.8,0.444410128745591,0.10233458961474,-5,5,1.73201216361119,88,32
"Far Cry 3",1000,571,289,140,57.1,28.9,14,0.631984774536912,0.402020202020202,-5,5,2.00515476019422,134,39
"Far Cry 4",1000,631,223,146,63.1,22.3,14.6,0.977782485657166,0.667941363926068,-5,5,2.05457293828902,169,36
"Far Cry 5",1000,611,255,134,61.1,25.5,13.4,0.868377568931064,0.618466898954704,-5,5,2.0975715091009,159,44
"Far Cry New Dawn",1000,608,275,117,60.8,27.5,11.7,0.719807509871537,0.476190476190476,-5,5,2.04304537233235,139,50
"Farm Together",1000,792,82,126,79.2,8.2,12.6,1.72507320234899,1.33333333333333,-5,5,1.86955327496349,248,10
"Farming Simulator 17",1000,768,88,144,76.8,8.8,14.4,1.94375872890837,1.66666666666667,-5,5,2.03370944587864,319,14
"Farming Simulator 19",1000,776,78,146,77.6,7.8,14.6,2.07591637029443,1.92928039702233,-5,5,2.06638673753217,368,14
"Farming Simulator 22",1000,756,102,142,75.6,10.2,14.2,1.94385767120049,1.77124183006536,-5,5,2.07348434130752,332,15
"Farthest Frontier",1000,806,114,80,80.6,11.4,8,1.57927809682672,1.17647058823529,-5,5,1.74733707950393,223,4
"Firewatch",1000,804,121,75,80.4,12.1,7.5,1.6201062960565,1.48877223680373,-5,5,2.01096793681076,252,23
"Five Nights at Freddy's",1000,523,218,259,52.3,21.8,25.9,0.794028678386179,0.261657085500502,-5,5,2.17047755607138,169,56
"Five Nights at Freddy's: Security Breach",1000,634,206,160,63.4,20.6,16,1.20066113746896,0.909090909090909,-5,5,2.1831789129275,225,38
"For The King",1000,708,180,112,70.8,18,11.2,1.45079126589434,1.206561116329,-5,5,2.22885799575884,259,33
"Forza Horizon 5",1000,709,157,134,70.9,15.7,13.4,1.55764405893057,1.35749385749386,-5,5,2.1684071739535,276,25
"Frostpunk",1000,690,164,146,69,16.4,14.6,1.11680648947146,0.803225806451613,-5,5,1.80977465410139,153,16
"GOD EATER 3",1000,662,205,133,66.2,20.5,13.3,0.955136198961128,0.656816220880069,-5,5,1.89185784051586,138,27
"GRIS",1000,848,69,83,84.8,6.9,8.3,1.91501434111795,1.66666666666667,-5,5,1.88309947334598,273,11
"GTFO",1000,537,311,152,53.7,31.1,15.2,0.531575868878977,0.268468468468469,-5,5,2.0682322898533,128,51
"GUILTY GEAR -STRIVE-",1000,487,311,202,48.7,31.1,20.2,0.393574583442405,0,-5,5,2.2957069814025,129,85
"Game Dev Tycoon",1000,770,102,128,77,10.2,12.8,1.56589976818755,1.25,-5,5,1.89091889444347,236,14
"Gang Beasts",1000,673,157,170,67.3,15.7,17,1.52771419680254,1.42857142857143,-5,5,2.41669266765696,299,47
"Garry's Mod",1000,677,134,189,67.7,13.4,18.9,1.73693752332955,1.53846153846154,-5,5,2.29953534213778,326,30
"Generation Zero",1000,669,237,94,66.9,23.7,9.4,0.969905249034039,0.644124053521419,-5,5,1.93589190124458,157,27
"Geometry Dash",1000,608,210,182,60.8,21,18.2,1.27390666752033,1.11111111111111,-5,5,2.46916625201672,265,54
"Getting Over It with Bennett Foddy",1000,442,367,191,44.2,36.7,19.1,0.169194816129043,0,-5,5,2.1207489673989,104,78
"Ghost of Tsushima DIRECTOR'S CUT",1000,714,200,86,71.4,20,8.6,1.46737082964702,1.25,-5,5,2.23999750917824,269,33
"Ghostrunner",1000,613,263,124,61.3,26.3,12.4,0.900574174751617,0.54569399908383,-5,5,2.01227255146752,160,29
"Ghostwire: Tokyo",1000,747,166,87,74.7,16.6,8.7,1.10743331840038,0.849056603773585,-5,5,1.87158036360987,157,26
"Glass Masquerade",1000,896,47,57,89.6,4.7,5.7,2.08128779475548,1.76470588235294,-5,5,1.72744405414643,299,4
"Goat Simulator",1000,585,170,245,58.5,17,24.5,1.10748492625023,0.645161290322581,-5,5,2.16909816548688,210,36
"God of War",1000,767,144,89,76.7,14.4,8.9,1.59619255954373,1.36363636363636,-5,5,2.08953260400023,260,25
"God of War Ragnarök",1000,717,173,110,71.7,17.3,11,1.39458618074398,1.13534466654213,-5,5,2.03438817785211,226,22
"Golf With Your Friends",1000,582,254,164,58.2,25.4,16.4,0.940156675075834,0.817208904109589,-5,5,2.60797800909055,232,88
"Gorilla Tag",1000,647,195,158,64.7,19.5,15.8,1.44483501415512,1.42857142857143,-5,5,2.48241078109894,304,53
"Gothic 3",1000,609,252,139,60.9,25.2,13.9,0.880249329736113,0.521778584392015,-5,5,1.76034360579885,144,19
"Granblue Fantasy: Relink",1000,771,141,88,77.1,14.1,8.8,1.35219323810947,1.08763440860215,-5,5,1.82811807077649,183,17
"Grand Theft Auto IV: The Complete Edition",1000,657,190,153,65.7,19,15.3,1.33044519072164,1.00531914893617,-5,5,2.13542635730028,234,27
"Grand Theft Auto V Enhanced",1000,554,261,185,55.4,26.1,18.5,0.899811663963866,0.476190476190476,-5,5,2.30264774144872,205,49
"Graveyard Keeper",1000,744,152,104,74.4,15.2,10.4,1.2949466821941,0.899888652697642,-5,5,1.76406171720069,179,7
"Gray Zone Warfare",1000,685,233,82,68.5,23.3,8.2,1.08935184251522,0.773803325349717,-5,5,1.87657678749088,166,14
"Green Hell",1000,579,311,110,57.9,31.1,11,0.718305706955069,0.434782608695652,-5,5,2.10782063253697,153,41
"Grim Dawn",1000,831,91,78,83.1,9.1,7.8,1.65867133600224,1.33333333333333,-5,5,1.87857117777994,239,16
"Grounded",1000,755,124,121,75.5,12.4,12.1,1.72324433052133,1.54967159277504,-5,5,2.07732091791593,289,21
"Guacamelee! Super Turbo Championship Edition",1000,819,101,80,81.9,10.1,8,1.81829361092554,1.53453689167975,-5,5,1.92074939207531,276,11
"Gunfire Reborn",1000,798,124,78,79.8,12.4,7.8,1.67302529507838,1.44345238095238,-5,5,2.00522375087195,253,24
"Guns of Icarus Online",1000,677,199,124,67.7,19.9,12.4,1.064983559938,0.847457627118644,-5,5,2.00694442814699,167,37
"HELLDIVERS 2",1000,590,253,157,59,25.3,15.7,0.907085706867274,0.438630242400923,-5,5,2.13879693522244,189,41
"HELLDIVERS Dive Harder Edition",1000,694,180,126,69.4,18,12.6,1.38860416638415,1.1026516905975,-5,5,2.13045782579943,248,29
"HITMAN World of Assassination",1000,636,222,142,63.6,22.2,14.2,1.03793109558848,0.764362220058423,-5,5,2.10331810758388,189,32
"Hacknet",1000,786,88,126,78.6,8.8,12.6,1.57955212869168,1.20995995995996,-5,5,1.80784096220408,218,7
"Hades",1000,776,104,120,77.6,10.4,12,1.72466587916338,1.51515151515152,-5,5,2.02431469353593,270,20
"Hades II",1000,838,65,97,83.8,6.5,9.7,1.82264304511562,1.57894736842105,-5,5,1.76184990125061,247,9
"Half-Life",1000,636,155,209,63.6,15.5,20.9,1.18163272078829,0.794736842105263,-5,5,1.9966085704776,209,29
"Half-Life 2",1000,644,131,225,64.4,13.1,22.5,1.3145133067759,0.977914389799636,-5,5,2.03963169752337,219,27
"Half-Life 2: Deathmatch",1000,623,192,185,62.3,19.2,18.5,1.10770259051805,0.898989898989899,-5,5,2.27730850464194,212,51
"Half-Life 2: Episode One",1000,595,176,229,59.5,17.6,22.9,1.07857982603746,0.789198606271777,-5,5,2.0995917185654,198,38
"Half-Life 2: Episode Two",1000,560,181,259,56,18.1,25.9,0.871796031260638,0.526315789473684,-5,5,2.04022516590291,160,42
"Half-Life 2: Lost Coast",1000,578,220,202,57.8,22,20.2,0.864975732822629,0.650762281197064,-5,5,2.30561587309593,189,70
"Half-Life Deathmatch: Source",1000,536,249,215,53.6,24.9,21.5,0.644279021284182,0.36038961038961,-5,5,2.19379217036439,147,61
"Half-Life: Alyx",1000,797,93,110,79.7,9.3,11,1.76215709344149,1.45044413277232,-5,5,1.84351029610105,264,10
"Half-Life: Blue Shift",1000,677,125,198,67.7,12.5,19.8,1.29984091144222,0.881074367334265,-5,5,1.9153181415548,196,17
"Half-Life: Opposing Force",1000,646,183,171,64.6,18.3,17.1,1.10947130127458,0.778209109730849,-5,5,2.09241320948593,188,35
"Half-Life: Source",1000,491,305,204,49.1,30.5,20.4,0.352533597956416,0,-5,5,2.16694724732188,117,81
"Halo: The Master Chief Collection",1000,567,226,207,56.7,22.6,20.7,0.939709660709438,0.526315789473684,-5,5,2.08849841824102,185,32
"Hearts of Iron IV",1000,521,249,230,52.1,24.9,23,0.77828918614575,0.31918505942275,-5,5,2.27717810190487,190,61
"Hell Let Loose",1000,538,337,125,53.8,33.7,12.5,0.617030449257914,0.273972602739726,-5,5,2.08346412927418,140,45
"Hellblade: Senua's Sacrifice",1000,734,173,93,73.4,17.3,9.3,1.10909555145941,0.797727272727273,-5,5,1.73419852316264,148,13
"Hero Siege",1000,582,277,141,58.2,27.7,14.1,0.700218078987015,0.32258064516129,-5,5,1.86400800753654,124,24
"Heroes of Might & Magic III - HD Edition",1000,709,124,167,70.9,12.4,16.7,1.5278120833493,1.32931726907631,-5,5,1.99313860832528,242,19
"Hitman 2: Silent Assassin",1000,613,227,160,61.3,22.7,16,0.799027508119904,0.491803278688525,-5,5,1.82331981994425,121,28
"Hitman: Absolution",1000,688,185,127,68.8,18.5,12.7,1.39916673260628,1,-5,5,2.19205667914894,262,32
"Hitman: Blood Money",1000,698,158,144,69.8,15.8,14.4,1.37283328829428,1.12698412698413,-5,5,2.08998627998319,235,27
"Hogwarts Legacy",1000,798,110,92,79.8,11,9.2,1.77937029849952,1.42857142857143,-5,5,1.97595506293626,287,14
"Hollow Knight",1000,665,181,154,66.5,18.1,15.4,1.33239265022594,1.04471043830312,-5,5,2.16968433021577,238,31
"Homefront",1000,518,356,126,51.8,35.6,12.6,0.49294438310896,0.163268026122884,-5,5,1.83507153026283,98,35
"Horizon Zero Dawn Complete Edition",1000,795,127,78,79.5,12.7,7.8,1.59476677209294,1.23819898329702,-5,5,1.89557800770688,231,13
"Hotline Miami",1000,520,230,250,52,23,25,0.793665764358653,0.256578947368421,-5,5,2.28617274816395,198,52
"Hotline Miami 2: Wrong Number",1000,496,297,207,49.6,29.7,20.7,0.503753932008923,0,-5,5,2.38803787950564,155,89
"House Flipper",1000,783,101,116,78.3,10.1,11.6,1.61812302004946,1.36363636363636,-5,5,1.85272963927406,230,11
"How to Survive",1000,635,256,109,63.5,25.6,10.9,0.952608274379781,0.631925726265349,-5,5,2.08291162525318,170,36
"Human Fall Flat",1000,701,122,177,70.1,12.2,17.7,1.73760020479479,1.53846153846154,-5,5,2.20481002587721,301,26
"Hunt: Showdown 1896",1000,543,325,132,54.3,32.5,13.2,0.636927542942871,0.215855938678278,-5,5,2.02825055876256,135,38
"INSIDE",1000,796,113,91,79.6,11.3,9.1,1.69695456935273,1.5,-5,5,1.93481260653478,258,17
"Inscryption",1000,777,108,115,77.7,10.8,11.5,1.68269774256767,1.48542159180457,-5,5,2.01486824567418,261,18
"Inside the Backrooms",1000,495,353,152,49.5,35.3,15.2,0.322678987701425,0,-5,5,2.26422523813061,127,83
"Insurgency",1000,607,225,168,60.7,22.5,16.8,1.07610301271844,0.714285714285714,-5,5,2.24033056049157,217,44
"Insurgency: Sandstorm",1000,564,277,159,56.4,27.7,15.9,0.804458924145728,0.555555555555556,-5,5,2.2049874781868,174,50
"It Takes Two",1000,808,85,107,80.8,8.5,10.7,2.17674892132396,2.22222222222222,-5,5,2.1468208013865,380,20
"Jotun: Valhalla Edition",1000,743,186,71,74.3,18.6,7.1,1.23024647083426,0.857755977927652,-5,5,1.90005970654622,185,20
"Jurassic World Evolution",1000,785,111,104,78.5,11.1,10.4,1.73619518564085,1.42857142857143,-5,5,1.98893516288544,277,17
"Just Cause",1000,615,257,128,61.5,25.7,12.8,0.681355611939524,0.35445622300746,-5,5,1.74406746779721,108,26
"Just Cause 2",1000,670,176,154,67,17.6,15.4,1.1758933263828,0.797727272727273,-5,5,1.94529714729537,187,25
"Just Cause 3",1000,705,158,137,70.5,15.8,13.7,1.37749646621691,1.11111111111111,-5,5,2.12742655618462,238,27
"KINGDOM HEARTS -HD 1.5+2.5 ReMIX-",1000,689,169,142,68.9,16.9,14.2,1.16374047154258,0.840395480225989,-5,5,1.8960753477214,187,17
"Katana ZERO",1000,707,147,146,70.7,14.7,14.6,1.45627858225477,1.25,-5,5,1.99932473309224,234,23
"Kathy Rain",1000,884,65,51,88.4,6.5,5.1,1.73732579845322,1.42857142857143,-5,5,1.65055089655637,218,5
"Keep Talking and Nobody Explodes",1000,651,186,163,65.1,18.6,16.3,1.25704441192957,1.096875,-5,5,2.22119456272582,225,37
"Kenshi",1000,538,327,135,53.8,32.7,13.5,0.53690175400654,0.226206720109159,-5,5,2.02542890334786,124,48
"Kerbal Space Program",1000,628,187,185,62.8,18.7,18.5,1.15967269592501,0.836834733893557,-5,5,2.15973166392074,217,29
"Kholat",1000,530,344,126,53,34.4,12.6,0.380083179007031,0.11274086125375,-5,5,1.70761640601822,79,35
"Killer is Dead - Nightmare Edition",1000,553,329,118,55.3,32.9,11.8,0.435013698148028,0.225368207211783,-5,5,1.96394504544915,101,53
"Killing Floor",1000,550,283,167,55,28.3,16.7,0.555404559110079,0.336477987421384,-5,5,2.34151644568043,150,87
"Killing Floor 2",1000,578,287,135,57.8,28.7,13.5,0.717488607915533,0.555555555555556,-5,5,2.43647979789769,187,86
"Kingdom Come: Deliverance",1000,640,248,112,64,24.8,11.2,0.817346936692109,0.588235294117647,-5,5,1.86915462571639,129,29
"Kingdom Come: Deliverance II",1000,747,158,95,74.7,15.8,9.5,1.45940818630461,1.14109848484848,-5,5,1.96923606444986,229,20
"Kingdom Two Crowns",1000,739,146,115,73.9,14.6,11.5,1.54381848144512,1.25,-5,5,1.97960737285418,238,15
"Kingdoms and Castles",1000,840,84,76,84,8.4,7.6,2.05496938810132,1.85615848406546,-5,5,2.00008237024163,327,15
"Knights and Merchants",1000,710,158,132,71,15.8,13.2,1.19088801373224,0.833333333333333,-5,5,1.8252725982303,177,16
"L.A. Noire",1000,659,209,132,65.9,20.9,13.2,1.03243792919599,0.718984962406015,-5,5,1.95719577947621,163,30
"LEGO Marvel Super Heroes",1000,746,95,159,74.6,9.5,15.9,1.85431961801974,1.66666666666667,-5,5,2.07700886601946,309,17
"LEGO Star Wars: The Skywalker Saga",1000,716,165,119,71.6,16.5,11.9,1.24344170501417,0.918266313200677,-5,5,1.97140084378546,193,24
"LIMBO",1000,721,173,106,72.1,17.3,10.6,1.30871697586756,1,-5,5,1.85661151232538,199,10
"Last Epoch",1000,710,200,90,71,20,9,1.25513777617131,0.939338235294118,-5,5,1.90939074911448,191,17
"Layers of Fear (2016)",1000,580,268,152,58,26.8,15.2,0.654204996098706,0.361498257839721,-5,5,1.9260064200424,121,44
"Left 4 Dead",1000,648,200,152,64.8,20,15.2,1.21623174879088,1.05263157894737,-5,5,2.27323308332806,231,48
"Left 4 Dead 2",1000,600,222,178,60,22.2,17.8,1.10752440971949,0.88235294117647,-5,5,2.49628599272714,256,72
"Lethal Company",1000,617,218,165,61.7,21.8,16.5,1.2483344097204,1.07229965156794,-5,5,2.45641459084149,263,55
"Liar's Bar",1000,603,257,140,60.3,25.7,14,1.0633214765973,0.787749942541944,-5,5,2.5103728975569,249,66
"Life is Strange 2",1000,733,175,92,73.3,17.5,9.2,1.19239952351607,0.909090909090909,-5,5,1.96693155909921,189,25
"Life is Strange: Before the Storm",1000,720,166,114,72,16.6,11.4,1.21394678753719,1.03448275862069,-5,5,1.91219923341227,180,28
"Little Nightmares",1000,747,140,113,74.7,14,11.3,1.54840297683143,1.29032258064516,-5,5,2.03059620788235,254,22
"Lobotomy Corporation | Monster Management Simulation",1000,433,373,194,43.3,37.3,19.4,0.0402417477824084,0,-5,5,2.3131223787224,103,112
"Loop Hero",1000,764,108,128,76.4,10.8,12.8,1.42557344318002,1.16515837104072,-5,5,1.8503152421456,193,17
"Lossless Scaling",1000,708,121,171,70.8,12.1,17.1,1.19953786707806,0.909090909090909,-5,5,1.68817257197886,158,12
"Lost Castle / 失落城堡",1000,711,203,86,71.1,20.3,8.6,1.36057382072386,1.03006189213086,-5,5,2.07860359404669,225,22
"METAL GEAR RISING: REVENGEANCE",1000,512,253,235,51.2,25.3,23.5,0.739337227425601,0.22189452987852,-5,5,2.12146802011067,167,45
"METAL GEAR SOLID V: GROUND ZEROES",1000,650,175,175,65,17.5,17.5,0.879378385199726,0.591736694677871,-5,5,1.73547513425537,108,23
"METAL GEAR SOLID V: THE PHANTOM PAIN",1000,589,229,182,58.9,22.9,18.2,0.834314783101209,0.513763197586727,-5,5,1.99514896213796,143,36
"MONSTER HUNTER RISE",1000,681,168,151,68.1,16.8,15.1,1.11900193845666,0.919871794871795,-5,5,1.94714978940796,164,27
"MORDHAU",1000,495,373,132,49.5,37.3,13.2,0.357864784815345,0,-5,5,2.24316102609126,127,70
"Mad Max",1000,684,208,108,68.4,20.8,10.8,1.16432990568879,0.815140009492169,-5,5,1.97636504638075,185,27
"Mafia",1000,614,222,164,61.4,22.2,16.4,0.922799550367659,0.571428571428571,-5,5,2.01017861018329,173,33
"Mafia II (Classic)",1000,634,173,193,63.4,17.3,19.3,1.18045651390677,0.731707317073171,-5,5,1.93300816099176,186,19
"Mafia II: Definitive Edition",1000,628,244,128,62.8,24.4,12.8,0.926761703569877,0.588235294117647,-5,5,1.96058577208343,152,29
"Mafia III: Definitive Edition",1000,538,322,140,53.8,32.2,14,0.411690084286507,0.1926565785676,-5,5,1.87823116538592,91,42
"Mafia: Definitive Edition",1000,717,159,124,71.7,15.9,12.4,1.33109142392587,1,-5,5,1.98637768870818,208,22
"Magicka",1000,614,241,145,61.4,24.1,14.5,0.9369803391688,0.687293339631554,-5,5,2.08754188465686,180,30
"Magicka 2",1000,624,238,138,62.4,23.8,13.8,1.04500609653644,0.796039603960396,-5,5,2.23719047373016,204,45
"Manor Lords",1000,744,157,99,74.4,15.7,9.9,1.11608262231182,0.851063829787234,-5,5,1.70563372955171,139,16
"Mark of the Ninja",1000,815,102,83,81.5,10.2,8.3,1.80300399702155,1.53846153846154,-5,5,1.87850789739936,265,7
"Marvel's Midnight Suns",1000,836,106,58,83.6,10.6,5.8,1.59504812701567,1.19156837046745,-3.75,5,1.73249407148997,212,3
"Marvel’s Spider-Man Remastered",1000,810,87,103,81,8.7,10.3,1.91091941494251,1.66666666666667,-5,5,1.99666968674196,302,14
"Mass Effect (2007)",1000,742,133,125,74.2,13.3,12.5,1.20513390761686,0.909090909090909,-5,5,1.77916026056762,160,18
"Mass Effect Legendary Edition",1000,763,121,116,76.3,12.1,11.6,1.30828785045104,1.08108108108108,-5,5,1.68744276990639,158,12
"Max Payne 3",1000,669,194,137,66.9,19.4,13.7,1.25631800512794,0.96483451536643,-5,5,2.0672483474325,212,27
"Medieval Dynasty",1000,774,136,90,77.4,13.6,9,1.40959588282905,1.11349546971865,-5,5,1.81870237183524,201,13
"Metal: Hellsinger",1000,693,176,131,69.3,17.6,13.1,1.13407797040421,0.859605911330049,-5,5,2.04750204682815,181,35
"Metro 2033 Redux",1000,681,174,145,68.1,17.4,14.5,1.34229800169277,0.909090909090909,-5,5,2.06352659951905,228,19
"Metro Exodus",1000,703,163,134,70.3,16.3,13.4,1.32018365582404,0.992957746478873,-5,5,2.00450699855859,204,22
"Metro: Last Light Redux",1000,701,158,141,70.1,15.8,14.1,1.32128887477947,0.877684407096172,-5,5,2.03195575303651,229,23
"MiSide",1000,732,146,122,73.2,14.6,12.2,1.61154198561841,1.5,-5,5,2.20856521898095,281,31
"Microsoft Flight Simulator (2020) 40th Anniversary Edition",1000,592,232,176,59.2,23.2,17.6,1.06588899805862,0.571428571428571,-5,5,2.00120634978371,198,24
"Microsoft Flight Simulator X: Steam Edition",1000,714,124,162,71.4,12.4,16.2,1.50578397317782,1.29330943847073,-5,5,1.94822347614015,233,19
"Middle-earth: Shadow of Mordor",1000,739,152,109,73.9,15.2,10.9,1.41016097101357,1.11111111111111,-5,5,1.99350725933187,216,25
"Middle-earth: Shadow of War",1000,665,211,124,66.5,21.1,12.4,1.1598090493015,0.878676470588235,-5,5,2.1062869840708,205,33
"Mirror's Edge",1000,718,163,119,71.8,16.3,11.9,1.10842751149674,0.79156223893066,-5,5,1.7661237325488,146,13
"Monaco: What's Yours Is Mine",1000,789,101,110,78.9,10.1,11,1.8613936481781,1.5,-5,5,2.02489732058099,297,14
"Monster Hunter Stories 2: Wings of Ruin",1000,765,140,95,76.5,14,9.5,1.42168684458526,1.13421955403087,-5,5,1.83531480179788,199,13
"Monster Hunter Wilds",1000,613,283,104,61.3,28.3,10.4,0.430717109591528,0.406191074795726,-5,5,1.77607468020364,75,47
"Monster Hunter: World",1000,657,168,175,65.7,16.8,17.5,1.15559057393303,0.863354037267081,-5,5,2.05224337390686,184,36
"Moonlighter",1000,710,193,97,71,19.3,9.7,1.10088395285936,0.857142857142857,-5,5,1.9144426010065,168,29
"Mortal Kombat X",1000,655,190,155,65.5,19,15.5,1.3391400073212,1.04355716878403,-5,5,2.25066700671488,256,36
"Mortal Kombat 11",1000,608,222,170,60.8,22.2,17,1.04027993271824,0.697674418604651,-5,5,2.19942297723972,206,40
"Mount & Blade II: Bannerlord",1000,643,228,129,64.3,22.8,12.9,1.11158327433437,0.740740740740741,-5,5,1.98484974369103,188,23
"Mount & Blade: Warband",1000,689,136,175,68.9,13.6,17.5,1.38592150074003,1.0819397993311,-5,5,2.09581523359913,247,25
"Move or Die",1000,623,242,135,62.3,24.2,13.5,1.0776762764664,1,-5,5,2.60337680020079,253,84
"MudRunner",1000,693,143,164,69.3,14.3,16.4,1.51390187467894,1.17647058823529,-5,5,2.10134847361563,263,21
"NARUTO SHIPPUDEN: Ultimate Ninja STORM 4",1000,698,132,170,69.8,13.2,17,1.60741553552614,1.25,-5,5,2.20116192949073,296,27
"NARUTO TO BORUTO: SHINOBI STRIKER",1000,626,230,144,62.6,23,14.4,1.19813054936038,0.777738243491668,-5,5,2.23258723424236,228,34
"Natural Selection 2",1000,692,198,110,69.2,19.8,11,1.16234933436683,0.877785680417259,-5,5,2.06193424298604,197,28
"Need for Speed Heat",1000,685,184,131,68.5,18.4,13.1,1.33357468401527,1,-5,5,2.14261508604449,235,29
"Need for Speed Payback",1000,680,196,124,68,19.6,12.4,1.1778620173009,0.833333333333333,-5,5,2.13350879016666,210,32
"Neon Abyss",1000,751,149,100,75.1,14.9,10,1.53956924389874,1.1952380952381,-5,5,1.95323964714058,235,18
"New World: Aeternum",1000,696,221,83,69.6,22.1,8.3,1.01329025673522,0.765567765567766,-5,5,2.00105359641983,164,37
"NieR:Automata",1000,648,201,151,64.8,20.1,15.1,0.964643319006464,0.714285714285714,-5,5,1.99416895608896,163,37
"Nioh: Complete Edition",1000,615,292,93,61.5,29.2,9.3,0.81154742776944,0.458041958041958,-5,5,1.91547120942516,140,27
"No Man's Sky",1000,753,132,115,75.3,13.2,11.5,1.42384752611365,1,-5,5,1.87460228904595,207,14
"No Rest for the Wicked",1000,772,165,63,77.2,16.5,6.3,1.32394285777032,1.0391363022942,-5,5,1.75103317938047,177,12
"Noita",1000,514,317,169,51.4,31.7,16.9,0.461348259268209,0.202711957266128,-5,5,2.1460700508354,122,64
"Northgard",1000,730,162,108,73,16.2,10.8,1.24726816725918,1,-5,5,1.8551413250971,180,17
"Not For Broadcast",1000,764,123,113,76.4,12.3,11.3,1.35619827420556,1.03006189213086,-5,5,1.80199045568583,185,12
"OMORI",1000,657,197,146,65.7,19.7,14.6,1.0508719165169,0.779352226720648,-5,5,2.00960757469831,180,28
"ONE PIECE: PIRATE WARRIORS 4",1000,721,104,175,72.1,10.4,17.5,1.67824819738162,1.3548951048951,-5,5,2.03318452029291,268,16
"OUTRIDERS",1000,716,197,87,71.6,19.7,8.7,1.13694543653703,0.833333333333333,-5,5,1.912665674337,172,22
"Orcs Must Die!",1000,773,151,76,77.3,15.1,7.6,1.59380234159758,1.25,-5,5,2.1198635121882,271,27
"Orcs Must Die! 2",1000,714,187,99,71.4,18.7,9.9,1.43788304303013,1.05477107402653,-5,5,2.23755215579709,261,34
"Orcs Must Die! 3",1000,724,193,83,72.4,19.3,8.3,1.4459106092917,1.11111111111111,-5,5,2.15977334969009,251,29
"Ori and the Blind Forest: Definitive Edition",1000,784,141,75,78.4,14.1,7.5,1.78350682556302,1.52422834384335,-5,5,2.0615467350844,278,19
"Ori and the Will of the Wisps",1000,857,77,66,85.7,7.7,6.6,2.04226301445353,1.81818181818182,-5,5,1.90707740390186,302,10
"Orwell: Keeping an Eye On You",1000,750,148,102,75,14.8,10.2,1.13217438250192,0.805405405405405,-5,5,1.59926706179254,132,8
"Outer Wilds",1000,748,116,136,74.8,11.6,13.6,1.21101353889935,0.952380952380952,-5,5,1.68722895153011,145,13
"Outlast",1000,522,278,200,52.2,27.8,20,0.66434073299314,0.210549645390071,-5,5,2.17262794757186,157,55
"Outlast 2",1000,469,378,153,46.9,37.8,15.3,0.253323960739278,0,-5,5,2.09796402500858,106,70
"Outward Definitive Edition",1000,593,327,80,59.3,32.7,8,0.567843425118906,0.330601092896175,-5,5,1.88574968007866,113,32
"Overcooked",1000,731,145,124,73.1,14.5,12.4,1.51305435161835,1.25,-5,5,2.04086029338811,253,20
"Overcooked! 2",1000,666,186,148,66.6,18.6,14.8,1.40584668079883,1.14285714285714,-5,5,2.37722963187172,276,45
"Oxygen Not Included",1000,666,188,146,66.6,18.8,14.6,1.13755230042119,0.833333333333333,-5,5,2.00233628763659,183,30
"PAYDAY 2",1000,569,227,204,56.9,22.7,20.4,0.841323866290818,0.555555555555556,-5,5,2.20816374588372,185,55
"PAYDAY 3",1000,603,267,130,60.3,26.7,13,0.656839006684153,0.47761619617907,-5,5,1.96014802160539,113,44
"PAYDAY The Heist",1000,609,200,191,60.9,20,19.1,0.959799742134715,0.641729581331503,-5,5,2.04491841252796,164,37
"PC Building Simulator",1000,718,128,154,71.8,12.8,15.4,1.3840081497929,1.11111111111111,-5,5,1.94323625025036,213,20
"POSTAL",1000,510,295,195,51,29.5,19.5,0.580139901141648,0.133481646273637,-5,5,2.25969702181529,159,68
"POSTAL 2",1000,461,332,207,46.1,33.2,20.7,0.395401249784372,0,-5,5,2.63388732146629,175,122
"Pacify",1000,566,258,176,56.6,25.8,17.6,0.861647281494031,0.649350649350649,-5,5,2.46712577472616,221,77
"Paint the Town Red",1000,632,184,184,63.2,18.4,18.4,1.27562702612628,1,-5,5,2.36920781993009,257,52
"Palworld",1000,762,129,109,76.2,12.9,10.9,1.5945185419854,1.28011204481793,-5,5,2.07004235873971,259,20
"Papers, Please",1000,715,143,142,71.5,14.3,14.2,1.50077115394723,1.25,-5,5,2.12281369590029,247,30
"Party Animals",1000,724,148,128,72.4,14.8,12.8,1.77950797359594,1.51229273870783,-5,5,2.26149515872183,316,22
"Path of Exile 2",1000,629,249,122,62.9,24.9,12.2,0.900579776832364,0.653622693096377,-5,5,2.04346272663463,161,40
"Pathfinder: Kingmaker — Enhanced Plus Edition",1000,674,260,66,67.4,26,6.6,0.852445404750947,0.502293577981651,-5,5,1.69901017985588,116,17
"Pathfinder: Wrath of the Righteous - Enhanced Edition",1000,708,197,95,70.8,19.7,9.5,1.01790597218724,0.666666666666667,-5,5,1.73735383778196,140,18
"People Playground",1000,629,202,169,62.9,20.2,16.9,1.44930285550901,1.42857142857143,-5,5,2.55334808802109,307,61
"Persona 4 Golden",1000,729,117,154,72.9,11.7,15.4,1.36525298217757,1.05050933786078,-5,5,1.88814718547318,199,18
"Persona 5 Royal",1000,668,157,175,66.8,15.7,17.5,1.09445289954734,0.878072265787359,-5,5,1.86094264077636,158,22
"Phasmophobia",1000,660,216,124,66,21.6,12.4,1.20559801890751,1.02564102564103,-5,5,2.33520312141079,241,48
"Pillars of Eternity",1000,797,112,91,79.7,11.2,9.1,1.44912639305262,1.12517803449913,-5,5,1.73629152527704,193,10
"Pillars of Eternity II: Deadfire",1000,837,98,65,83.7,9.8,6.5,1.60704484307623,1.36083052749719,-5,5,1.75732404003659,216,10
"Pizza Tower",1000,699,121,180,69.9,12.1,18,1.63408484777826,1.53846153846154,-5,5,2.13949107577355,292,23
"Plague Inc: Evolved",1000,556,274,170,55.6,27.4,17,0.715099225764943,0.444664031620553,-5,5,2.26625805860082,158,63
"Planet Coaster",1000,751,136,113,75.1,13.6,11.3,1.63936451244195,1.43796992481203,-5,5,2.15738238859437,279,27
"Planet Zoo",1000,826,87,87,82.6,8.7,8.7,1.94848569736862,1.66666666666667,-5,5,1.9119945012753,295,10
"Plants vs. Zombies GOTY Edition",1000,670,109,221,67,10.9,22.1,1.4527436614816,1.12853773584906,-5,5,2.03284945085724,246,21
"PlateUp!",1000,741,140,119,74.1,14,11.9,1.62594101409208,1.42857142857143,-5,5,2.08898198277292,269,23
"Portal",1000,725,100,175,72.5,10,17.5,1.82600944130633,1.66666666666667,-5,5,2.09014669076932,322,20
"Portal 2",1000,706,126,168,70.6,12.6,16.8,1.68678574058006,1.6247642991829,-5,5,2.26144291564908,304,37
"Portal Knights",1000,787,103,110,78.7,10.3,11,1.84592803163197,1.61104931405265,-5,5,1.97930276776229,295,12
"PowerWash Simulator",1000,728,118,154,72.8,11.8,15.4,1.50718723316891,1.25,-5,5,1.92702690942871,230,17
"Prison Architect",1000,582,302,116,58.2,30.2,11.6,0.813437408414177,0.563492063492063,-5,5,2.29046965846778,182,55
"Project Zomboid",1000,606,231,163,60.6,23.1,16.3,0.968072051718842,0.696390086206897,-5,5,2.25333946344528,198,51
"Pummel Party",1000,648,205,147,64.8,20.5,14.7,1.34285624550988,1.25,-5,5,2.52510650082305,294,71
"Quake",1000,676,168,156,67.6,16.8,15.6,1.10417891093912,0.8,-5,5,1.94903294300484,173,24
"Quake Live",1000,653,189,158,65.3,18.9,15.8,1.09926477386227,0.871675812579147,-5,5,2.11699389596349,199,39
"Quantum Break",1000,768,145,87,76.8,14.5,8.7,1.29079796161131,0.967741935483871,-5,5,1.7317844325586,171,11
"R.E.P.O.",1000,713,157,130,71.3,15.7,13,1.8501035562456,1.85704022988506,-5,5,2.38582711235,365,37
"REMNANT II",1000,683,227,90,68.3,22.7,9,1.12656270175126,0.835514834205934,-5,5,2.07576926929338,187,30
"ROUNDS",1000,728,146,126,72.8,14.6,12.6,1.88146698208375,1.85185185185185,-5,5,2.37163283171673,351,32
"RUNNING WITH RIFLES",1000,659,220,121,65.9,22,12.1,1.22613997235699,0.971675845790716,-5,5,2.17201730701469,220,34
"Raft",1000,723,162,115,72.3,16.2,11.5,1.70356144589956,1.5625,-5,5,2.33351950786767,320,39
"Rain World",1000,617,224,159,61.7,22.4,15.9,0.770197691393571,0.588235294117647,-5,5,2.00833618180952,130,45
"Ravenfield",1000,789,116,95,78.9,11.6,9.5,2.01375608775921,2,-5,5,2.17904039183744,353,26
"Ready or Not",1000,562,295,143,56.2,29.5,14.3,0.814244649098359,0.384615384615385,-5,5,2.19841427887582,172,42
"Red Dead Online",1000,571,274,155,57.1,27.4,15.5,0.733754180470093,0.444444444444444,-5,5,2.17345109260636,166,49
"Red Dead Redemption 2",1000,692,163,145,69.2,16.3,14.5,1.55330359837057,1.29923273657289,-5,5,2.24700199999843,294,33
"Red Faction: Armageddon",1000,575,322,103,57.5,32.2,10.3,0.491744623065161,0.255323772272925,-5,5,1.69537087762672,88,31
"Red Orchestra 2: Heroes of Stalingrad with Rising Storm",1000,595,244,161,59.5,24.4,16.1,0.863927447374203,0.549798503166379,-5,5,2.17630077343381,179,51
"Remnant: From the Ashes",1000,680,226,94,68,22.6,9.4,1.14159750017277,0.844781445138269,-5,5,2.04178149761506,187,29
"Resident Evil",1000,596,246,158,59.6,24.6,15.8,0.73255194173965,0.450283010898032,-5,5,1.9853887378304,137,43
"Resident Evil 2",1000,651,204,145,65.1,20.4,14.5,1.05966539794285,0.849260728452939,-5,5,2.14288768897201,191,51
"Resident Evil 3",1000,618,253,129,61.8,25.3,12.9,0.846968208500375,0.575817860300619,-5,5,2.01229042626722,154,32
"Resident Evil 4",1000,706,132,162,70.6,13.2,16.2,1.46410085731849,1.14519906323185,-5,5,2.0569978638824,242,25
"Resident Evil 4 (2005)",1000,639,182,179,63.9,18.2,17.9,0.965043189475867,0.666666666666667,-5,5,1.98540380979338,160,39
"Resident Evil 5",1000,545,262,193,54.5,26.2,19.3,0.671355827586934,0.299518868780938,-5,5,2.06903754840431,146,52
"Resident Evil 6",1000,484,378,138,48.4,37.8,13.8,0.210425605095037,0,-5,5,2.12926640626633,100,80
"Resident Evil 7 Biohazard",1000,564,263,173,56.4,26.3,17.3,0.672433454498998,0.476190476190476,-5,5,2.13218095042103,146,64
"Resident Evil Revelations 2",1000,543,313,144,54.3,31.3,14.4,0.50687488584485,0.223723723723724,-5,5,1.95365339046751,114,48
"Resident Evil Village",1000,685,194,121,68.5,19.4,12.1,1.16754907173314,0.833333333333333,-5,5,2.17230652651072,216,42
"Return to Castle Wolfenstein",1000,701,163,136,70.1,16.3,13.6,1.25010584293036,0.931066099858298,-5,5,1.97816611373078,202,26
"RimWorld",1000,634,205,161,63.4,20.5,16.1,1.02464974427062,0.793166860240031,-5,5,2.01684418410785,172,32
"Rise of Nations: Extended Edition",1000,798,78,124,79.8,7.8,12.4,1.81571369819227,1.5536398467433,-5,5,1.89148021394291,287,11
"Rise of the Tomb Raider",1000,802,91,107,80.2,9.1,10.7,1.89537119824034,1.66666666666667,-5,5,1.93680032664313,293,9
"Rising Storm 2: Vietnam",1000,532,290,178,53.2,29,17.8,0.575147105035074,0.32258064516129,-5,5,2.19175757670623,153,68
"Risk of Rain 2",1000,611,216,173,61.1,21.6,17.3,1.06845620841932,0.790776446065659,-5,5,2.3268520575107,225,42
"Rust",1000,479,346,175,47.9,34.6,17.5,0.394995079236167,0,-5,5,2.44795605560509,156,92
"Ryse: Son of Rome",1000,748,138,114,74.8,13.8,11.4,1.41715293538054,1,-5,5,1.89902243803288,218,12
"S.T.A.L.K.E.R. 2: Heart of Chornobyl",1000,587,301,112,58.7,30.1,11.2,0.70123365221881,0.339169888487714,-5,5,1.77596612876902,117,24
"S.T.A.L.K.E.R.: Shadow of Chernobyl",1000,595,207,198,59.5,20.7,19.8,0.858738998559372,0.454545454545455,-5,5,1.85484619629697,141,22
"SCARLET NEXUS",1000,712,200,88,71.2,20,8.8,1.04550689226103,0.656483432292664,-5,5,1.74010578473999,144,15
"SCUM",1000,520,361,119,52,36.1,11.9,0.522372515869953,0.0914089002523354,-5,5,1.98574580845607,128,39
"SIGNALIS",1000,658,204,138,65.8,20.4,13.8,0.89603719632788,0.638297872340425,-5,5,1.8757232736423,136,32
"SOMA",1000,707,175,118,70.7,17.5,11.8,1.11415112822138,0.815606725146199,-5,5,1.83537482756284,163,21
"SOULCALIBUR VI",1000,648,212,140,64.8,21.2,14,0.935695567437699,0.714285714285714,-5,5,1.92898550372471,145,24
"SPORE",1000,731,118,151,73.1,11.8,15.1,1.53928482348271,1.31965944272446,-5,5,2.06838354280214,251,27
"STAR WARS - The Force Unleashed Ultimate Sith Edition",1000,633,245,122,63.3,24.5,12.2,0.923214731474759,0.68442054129077,-5,5,1.90601019060481,149,30
"STAR WARS Battlefront (Classic, 2004)",1000,733,136,131,73.3,13.6,13.1,1.50933749940801,1.29037629037629,-5,5,1.95122773975471,235,16
"STAR WARS Battlefront II",1000,653,214,133,65.3,21.4,13.3,1.31933218554808,1.11111111111111,-5,5,2.35040889074743,258,41
"STAR WARS Battlefront II (Classic, 2005)",1000,723,136,141,72.3,13.6,14.1,1.53962959813615,1.26785714285714,-5,5,1.92719765870628,249,14
"STAR WARS Empire at War - Gold Pack",1000,825,78,97,82.5,7.8,9.7,2.06491781048077,1.93548387096774,-5,5,2.02619755987162,331,16
"STAR WARS Jedi: Fallen Order",1000,733,169,98,73.3,16.9,9.8,1.49620089366885,1.18034055727554,-5,5,2.15539670061887,258,27
"STAR WARS Jedi: Survivor",1000,701,204,95,70.1,20.4,9.5,1.06036480930161,0.833333333333333,-5,5,1.88245682484271,156,24
"STAR WARS Knights of the Old Republic",1000,790,104,106,79,10.4,10.6,1.49000215346494,1.24446902654867,-5,5,1.73908920392378,197,11
"STAR WARS Knights of the Old Republic II - The Sith Lords",1000,778,129,93,77.8,12.9,9.3,1.60042998332769,1.42857142857143,-5,5,1.92342533269456,239,16
"STAR WARS Republic Commando",1000,712,128,160,71.2,12.8,16,1.36241285043448,1.03006189213086,-5,5,1.94872702243598,209,18
"SUPERHOT",1000,802,109,89,80.2,10.9,8.9,1.5664084553986,1.63170633319887,-5,5,1.88325678415239,184,25
"Saints Row 2",1000,597,237,166,59.7,23.7,16.6,0.697807918635093,0.484866294446077,-5,5,1.807236063924,106,28
"Saints Row IV: Re-Elected",1000,604,235,161,60.4,23.5,16.1,0.802520566386229,0.44949494949495,-5,5,1.8270659924494,133,19
"Saints Row: The Third",1000,686,156,158,68.6,15.6,15.8,1.30710314850797,1,-5,5,2.01638237180549,209,25
"Sanctum 2",1000,780,118,102,78,11.8,10.2,1.67546060731014,1.38461538461538,-5,5,1.97305951631399,256,18
"Sands of Salzaar",1000,714,183,103,71.4,18.3,10.3,1.06064075273938,0.699714402284782,-5,5,1.70947141412493,144,13
"Satisfactory",1000,699,135,166,69.9,13.5,16.6,1.35989913104556,1.01694915254237,-5,5,1.90865513784246,206,17
"Schedule I",1000,708,143,149,70.8,14.3,14.9,1.62283020415702,1.30152456239413,-5,5,2.16215017854475,282,22
"Scrap Mechanic",1000,716,141,143,71.6,14.1,14.3,1.57392585682515,1.25,-5,5,2.06980458394089,263,21
"Sea of Thieves: 2025 Edition",1000,585,260,155,58.5,26,15.5,0.935722384983661,0.568475452196382,-5,5,2.30616691581491,213,52
"Sekiro: Shadows Die Twice - GOTY Edition",1000,603,242,155,60.3,24.2,15.5,0.885924156644087,0.615530303030303,-5,5,2.22565712857761,184,49
"Serious Sam 2",1000,617,209,174,61.7,20.9,17.4,1.01161252541959,0.642129517341741,-5,5,2.06704624539074,182,34
"Serious Sam 3: BFE",1000,583,276,141,58.3,27.6,14.1,0.815067138919698,0.428658909981629,-5,5,2.15989207699905,173,45
"Serious Sam HD: The First Encounter",1000,662,195,143,66.2,19.5,14.3,1.17476438613072,0.813014101057579,-5,5,1.99917961018105,193,23
"Shadow Tactics: Blades of the Shogun",1000,827,89,84,82.7,8.9,8.4,1.70447177390314,1.41025641025641,-5,5,1.82165104738464,244,11
"Shadow Warrior",1000,642,252,106,64.2,25.2,10.6,0.887931942480194,0.625,-5,5,2.04827451886765,158,34
"Shadow Warrior 2",1000,639,233,128,63.9,23.3,12.8,0.969190717155681,0.602325581395349,-5,5,2.12826199617706,177,39
"Shadowrun Returns",1000,828,115,57,82.8,11.5,5.7,1.54546584127417,1.27659574468085,-5,5,1.70806597868016,200,8
"Sherlock Holmes: The Devil's Daughter",1000,710,189,101,71,18.9,10.1,1.12768224794101,0.76505016722408,-5,5,1.77803030627219,173,13
"Sid Meier's Civilization III Complete",1000,730,123,147,73,12.3,14.7,1.50143028300143,1.2,-5,5,1.87403258984289,225,9
"Sid Meier's Civilization V",1000,682,152,166,68.2,15.2,16.6,1.46048968653679,1.09142346634902,-5,5,1.99133843382509,242,15
"Sid Meier's Civilization: Beyond Earth",1000,698,175,127,69.8,17.5,12.7,1.14828027000985,0.869565217391304,-5,5,1.94705767281715,177,23
"Sid Meier’s Civilization VI",1000,663,164,173,66.3,16.4,17.3,1.23053163130535,0.909090909090909,-5,5,2.03475904680447,212,28
"Sins of a Solar Empire: Rebellion",1000,780,108,112,78,10.8,11.2,1.70335280222746,1.42857142857143,-5,5,1.96865709721221,269,12
"Skul: The Hero Slayer",1000,757,139,104,75.7,13.9,10.4,1.62781330193528,1.37147335423197,-5,5,2.06388028556966,262,24
"Skullgirls 2nd Encore",1000,521,312,167,52.1,31.2,16.7,0.440383599379606,0.224747474747475,-5,5,2.09352006782709,112,58
"Slay the Spire",1000,726,117,157,72.6,11.7,15.7,1.57910634664,1.35135135135135,-5,5,2.01647903628904,258,18
"Sleeping Dogs: Definitive Edition",1000,710,125,165,71,12.5,16.5,1.54248217489575,1.1952380952381,-5,5,1.99757806422763,249,13
"Slime Rancher",1000,760,90,150,76,9,15,1.9214305323479,1.70271218143559,-5,5,2.10692340389037,319,19
"Sniper Elite 3",1000,591,258,151,59.1,25.8,15.1,0.887550372336846,0.476190476190476,-5,5,2.04652384537876,167,36
"Sniper Elite 4",1000,680,181,139,68,18.1,13.9,1.33547796965061,1.05263157894737,-5,5,2.08204328896028,227,26
"Sniper Elite 5",1000,681,220,99,68.1,22,9.9,1.29567422321938,0.978701825557809,-5,5,2.24506542013052,236,35
"Sniper: Ghost Warrior 2",1000,645,249,106,64.5,24.9,10.6,0.960050937326751,0.673466083859479,-5,5,2.02205976570231,172,32
"Sons Of The Forest",1000,697,172,131,69.7,17.2,13.1,1.40695107272708,1.09482020547945,-5,5,2.20940516171383,253,31
"Soundpad",1000,595,187,218,59.5,18.7,21.8,1.09143163656809,0.875959079283887,-5,5,2.26131553278148,218,49
"South Park: The Fractured But Whole",1000,689,181,130,68.9,18.1,13,1.27204283982727,1.11111111111111,-5,5,2.17255689666504,214,39
"South Park: The Stick of Truth",1000,743,119,138,74.3,11.9,13.8,1.68830687575584,1.58984706881903,-5,5,2.19637060082463,290,32
"Space Engineers",1000,679,180,141,67.9,18,14.1,1.23318694703724,0.88562091503268,-5,5,1.98062748295907,198,20
"SpeedRunners",1000,675,146,179,67.5,14.6,17.9,1.52137915835201,1.42857142857143,-5,5,2.35231087457605,284,47
"Spelunky",1000,567,295,138,56.7,29.5,13.8,0.631059137796032,0.489804078368653,-5,5,2.33108609799305,155,79
"Spiritfarer: Farewell Edition",1000,794,133,73,79.4,13.3,7.3,1.42421774725294,1.09309348739496,-5,5,1.87702057506701,200,15
"Split Fiction",1000,836,76,88,83.6,7.6,8.8,2.07964957378213,1.98039215686275,-5,5,1.93546059943935,332,13
"Spyro Reignited Trilogy",1000,771,131,98,77.1,13.1,9.8,1.41606275536882,1.11111111111111,-5,5,1.8398090410857,202,11
"Squad",1000,441,408,151,44.1,40.8,15.1,0.100303111401347,0,-5,5,1.94173162844879,82,69
"Squad 44",1000,521,363,116,52.1,36.3,11.6,0.399640450072504,0.180899608865711,-5,5,2.25838839943577,135,78
"Starbound",1000,692,188,120,69.2,18.8,12,1.09684990131029,0.842198581560284,-5,5,1.99025235407139,172,31
"Stardew Valley",1000,774,91,135,77.4,9.1,13.5,1.79438953486102,1.66666666666667,-5,5,1.94620178262062,269,16
"Starfield",1000,651,253,96,65.1,25.3,9.6,0.638951423022919,0.41993682537837,-5,5,1.78917797623534,103,35
"State of Decay 2: Juggernaut Edition",1000,668,220,112,66.8,22,11.2,1.18236529068075,0.844289561222873,-5,5,2.12350063791592,217,36
"Steep",1000,661,181,158,66.1,18.1,15.8,1.37243569857834,1.00420168067227,-5,5,2.33903756619748,273,44
"Stellaris",1000,599,256,145,59.9,25.6,14.5,0.719921073933844,0.407664694542312,-5,5,1.91868096272028,137,37
"Stick Fight: The Game",1000,647,218,135,64.7,21.8,13.5,1.3391459263222,1.20606060606061,-5,5,2.5144615342861,282,56
"Stories: The Path of Destinies",1000,845,101,54,84.5,10.1,5.4,1.4723437362862,1.06400295967444,-5,5,1.73961295796333,195,10
"Stray",1000,820,76,104,82,7.6,10.4,2.03504305009344,1.75219298245614,-5,5,1.9409559352617,317,10
"Street Fighter 6",1000,584,266,150,58.4,26.6,15,0.666227210448168,0.408163265306122,-5,5,2.03328280973568,123,47
"Street Fighter V",1000,574,266,160,57.4,26.6,16,0.721242227950542,0.506410256410256,-5,5,2.07272997115423,139,49
"Stronghold Crusader 2",1000,649,214,137,64.9,21.4,13.7,1.19782306303029,0.879423482540427,-5,5,2.18373860975684,227,34
"Subnautica",1000,741,144,115,74.1,14.4,11.5,1.52390161056182,1.33333333333333,-5,5,2.13682587116778,254,37
"Subnautica: Below Zero",1000,715,190,95,71.5,19,9.5,1.23326677735039,0.947822141560799,-5,5,2.06469530579339,209,30
"Super Meat Boy",1000,623,225,152,62.3,22.5,15.2,0.999277010522351,0.833333333333333,-5,5,2.27927710709387,204,51
"Superliminal",1000,796,95,109,79.6,9.5,10.9,1.68150910887398,1.42857142857143,-5,5,1.94951358446197,251,16
"Supermarket Simulator",1000,801,87,112,80.1,8.7,11.2,1.70967272450242,1.25,-5,5,1.83311716120314,257,7
"Surgeon Simulator",1000,478,302,220,47.8,30.2,22,0.408550859549404,0,-5,5,2.27391534042406,136,83
"Surviving Mars",1000,744,148,108,74.4,14.8,10.8,1.37298889814763,1.05263157894737,-5,5,1.93335185031744,218,18
"TCG Card Shop Simulator",1000,768,116,116,76.8,11.6,11.6,1.68439602330698,1.42857142857143,-5,5,1.96506431397198,269,11
"TEKKEN 7",1000,628,203,169,62.8,20.3,16.9,1.0872822734378,0.879227053140097,-5,5,2.20230425500951,209,41
"TEKKEN 8",1000,468,373,159,46.8,37.3,15.9,0.237415039645387,0,-5,5,2.16870885299714,117,78
"Tabletop Simulator",1000,680,105,215,68,10.5,21.5,1.45114898408203,1.25,-5,5,1.95243928896316,220,21
"Tales of Arise",1000,745,190,65,74.5,19,6.5,1.25965349999522,0.851540883503483,-5,5,1.85704296691085,175,13
"Teardown",1000,699,157,144,69.9,15.7,14.4,1.58829278902773,1.38888888888889,-5,5,2.25853443783282,286,29
"Terraria",1000,654,173,173,65.4,17.3,17.3,1.34698278608783,1.20344827586207,-5,5,2.3259500902855,261,50
"The Ascent",1000,721,181,98,72.1,18.1,9.8,1.18571880647398,0.851063829787234,-5,5,1.80665222630661,161,11
"The Binding of Isaac",1000,560,271,169,56,27.1,16.9,0.70332160057717,0.555555555555556,-5,5,2.24740520749077,159,65
"The Binding of Isaac: Rebirth",1000,544,272,184,54.4,27.2,18.4,0.715490878526288,0.403179023088525,-5,5,2.49437891173133,191,86
"The Bureau: XCOM Declassified",1000,625,258,117,62.5,25.8,11.7,0.731547345127446,0.417584434654919,-5,5,1.78740305196301,101,27
"The Crew 2",1000,632,221,147,63.2,22.1,14.7,1.04353791445358,0.74537037037037,-5,5,2.22384080918766,207,46
"The Darkness II",1000,702,179,119,70.2,17.9,11.9,1.20161143206114,0.875489695111565,-5,5,1.92447262332361,183,18
"The Elder Scrolls III: Morrowind Game of the Year Edition",1000,691,175,134,69.1,17.5,13.4,0.990913326426805,0.721294267981015,-5,5,1.79508168800607,137,23
"The Elder Scrolls IV: Oblivion Game of the Year Edition (2009)",1000,651,164,185,65.1,16.4,18.5,1.05799148079665,0.869565217391304,-5,5,1.92126830713737,155,24
"The Elder Scrolls IV: Oblivion Game of the Year Edition Deluxe (2009)",1000,650,164,186,65,16.4,18.6,1.05424148079665,0.869565217391304,-5,5,1.91966771443453,154,24
"The Elder Scrolls IV: Oblivion Remastered",1000,642,240,118,64.2,24,11.8,0.820232701280414,0.555555555555556,-5,5,1.87206087898684,126,28
"The Elder Scrolls Online",1000,659,201,140,65.9,20.1,14,0.95221425125683,0.650762281197064,-5,5,1.83955947948261,146,26
"The Elder Scrolls V: Skyrim",1000,654,145,201,65.4,14.5,20.1,1.23827762375131,0.94765651727677,-5,5,1.92630284713292,199,20
"The Elder Scrolls V: Skyrim Special Edition",1000,647,120,233,64.7,12,23.3,1.27747966662518,0.869565217391304,-5,5,1.93124868130529,204,20
"The Escapists 2",1000,623,214,163,62.3,21.4,16.3,1.13520182719972,0.774225774225774,-5,5,2.30662534106886,229,49
"The Evil Within",1000,535,361,104,53.5,36.1,10.4,0.372188559174514,0.212962962962963,-5,5,2.05294995160169,107,59
"The Evil Within 2",1000,664,212,124,66.4,21.2,12.4,0.996878844660866,0.666666666666667,-5,5,2.02316383737897,160,33
"The First Berserker: Khazan",1000,768,151,81,76.8,15.1,8.1,1.47637278476065,1.05477107402653,-5,5,1.94651126763941,224,16
"The Forest",1000,631,190,179,63.1,19,17.9,1.25306895339887,0.909090909090909,-5,5,2.25080520994883,229,40
"The Henry Stickmin Collection",1000,794,75,131,79.4,7.5,13.1,2.09443128801437,2,-5,5,2.05496424191055,348,18
"The LEGO NINJAGO Movie Video Game",1000,701,160,139,70.1,16,13.9,1.33411979872709,1,-5,5,2.00546983168665,214,21
"The Long Dark",1000,658,207,135,65.8,20.7,13.5,0.992677186789807,0.615628775137978,-5,5,1.96447019694485,171,35
"The Long Drive",1000,587,247,166,58.7,24.7,16.6,0.941919915884831,0.649350649350649,-5,5,2.28028030994588,194,54
"The Outlast Trials",1000,611,237,152,61.1,23.7,15.2,0.961974558996286,0.714285714285714,-5,5,2.24999887839403,189,59
"The Past Within",1000,872,69,59,87.2,6.9,5.9,2.27199629952785,2.09429824561404,-5,5,1.90720742368895,360,9
"The Planet Crafter",1000,840,79,81,84,7.9,8.1,1.73580910164475,1.42183288409703,-4.16666666666667,5,1.76248032668505,245,7
"The Red Solstice",1000,650,253,97,65,25.3,9.7,0.712265798166477,0.459830866807611,-5,5,1.75291756680171,101,28
"The Riftbreaker",1000,794,124,82,79.4,12.4,8.2,1.58970271588215,1.19808612440191,-5,5,1.89032535631009,241,10
"The Sims 3",1000,679,164,157,67.9,16.4,15.7,1.21953726422003,0.835385878489327,-5,5,1.84428863168272,185,10
"The Stanley Parable",1000,623,132,245,62.3,13.2,24.5,1.14555239485396,0.771939328277357,-5,5,1.92218083900858,175,25
"The Surge",1000,614,305,81,61.4,30.5,8.1,0.726335048803557,0.352349985220219,-5,5,1.83241888990461,124,22
"The Talos Principle",1000,804,88,108,80.4,8.8,10.8,1.53370400955156,1.17647058823529,-5,5,1.69525294116852,213,6
"The Tiny Bang Story",1000,830,87,83,83,8.7,8.3,1.82835902789259,1.41067216981132,-5,5,1.81056213835525,271,4
"The Walking Dead",1000,680,175,145,68,17.5,14.5,1.31037009029687,1.01282051282051,-5,5,2.10932680339636,222,30
"The Walking Dead: Season Two",1000,669,205,126,66.9,20.5,12.6,1.17066750338137,0.857142857142857,-5,5,2.246762855334,227,48
"The Witcher 2: Assassins of Kings Enhanced Edition",1000,667,209,124,66.7,20.9,12.4,0.975356578863692,0.666666666666667,-5,5,1.9348396539324,153,29
"The Witcher 3: Wild Hunt",1000,757,89,154,75.7,8.9,15.4,1.71486969631202,1.36363636363636,-5,5,1.98296787196974,272,18
"The Witcher: Enhanced Edition Director's Cut",1000,738,159,103,73.8,15.9,10.3,1.21988111235635,0.924501424501424,-5,5,1.78324630433652,170,14
"They Are Billions",1000,638,265,97,63.8,26.5,9.7,0.985767087046484,0.583972719522592,-5,5,1.9585193169278,175,24
"Thief",1000,645,243,112,64.5,24.3,11.2,0.893414306950469,0.571428571428571,-5,5,1.91715208795024,141,31
"Thief Simulator",1000,679,185,136,67.9,18.5,13.6,1.34511587650291,1.09099925613687,-5,5,2.09362923343171,239,24
"This War of Mine",1000,521,358,121,52.1,35.8,12.1,0.528744526026557,0.198039215686275,-5,5,1.93979344299675,126,31
"Tiny Tina's Wonderlands",1000,621,256,123,62.1,25.6,12.3,0.800343386714438,0.522225252249795,-5,5,2.08703787555882,150,42
"Titan Quest Anniversary Edition",1000,726,153,121,72.6,15.3,12.1,1.35282891546404,1.00119331742243,-5,5,1.91008870390324,211,16
"Titanfall 2",1000,774,125,101,77.4,12.5,10.1,1.59709471568804,1.42857142857143,-5,5,2.063215095724,265,24
"To the Moon",1000,713,157,130,71.3,15.7,13,1.24310688411938,0.978000956480153,-5,5,1.9620413310279,181,23
"Tom Clancy's Ghost Recon Wildlands",1000,576,283,141,57.6,28.3,14.1,0.795621826783819,0.434782608695652,-5,5,2.08843178351506,157,42
"Tom Clancy's Rainbow Six Siege",1000,438,387,175,43.8,38.7,17.5,0.223037372779363,0,-5,5,2.52797127649749,156,111
"Tom Clancy’s Splinter Cell Blacklist",1000,615,248,137,61.5,24.8,13.7,0.735675380748113,0.47761619617907,-5,5,1.81127299373914,121,26
"Tom Clancy’s The Division",1000,677,197,126,67.7,19.7,12.6,1.15902413526781,0.833333333333333,-5,5,2.03380008823294,194,29
"Tomb Raider",1000,775,112,113,77.5,11.2,11.3,1.73484916784625,1.53010033444816,-5,5,1.97802143171441,264,16
"Torchlight",1000,773,123,104,77.3,12.3,10.4,1.5738466826894,1.25,-5,5,1.82206647755598,228,9
"Torchlight II",1000,780,118,102,78,11.8,10.2,1.6791309500908,1.42857142857143,-5,5,2.0090105515955,252,16
"Total War: ATTILA",1000,601,241,158,60.1,24.1,15.8,0.87273739783643,0.555555555555556,-5,5,2.06002195563196,167,30
"Total War: EMPIRE – Definitive Edition",1000,689,186,125,68.9,18.6,12.5,1.24947197299539,1,-5,5,1.90891939087526,185,14
"Total War: MEDIEVAL II – Definitive Edition",1000,703,158,139,70.3,15.8,13.9,1.32940305799716,1.05050933786078,-5,5,1.95402200451311,210,19
"Total War: NAPOLEON – Definitive Edition",1000,657,191,152,65.7,19.1,15.2,1.22819469741795,1,-5,5,2.12542867634494,215,27
"Total War: ROME II - Emperor Edition",1000,689,166,145,68.9,16.6,14.5,1.26168978554932,0.952380952380952,-5,5,2.04734388082261,202,21
"Total War: THREE KINGDOMS",1000,671,218,111,67.1,21.8,11.1,0.984046423859173,0.769230769230769,-5,5,1.99736540735674,163,29
"Total War: WARHAMMER",1000,623,227,150,62.3,22.7,15,0.882649365240902,0.58359133126935,-5,5,1.91164874512592,151,28
"Total War: WARHAMMER II",1000,651,229,120,65.1,22.9,12,1.08527165989016,0.81557067271353,-5,5,2.09074400674015,186,31
"Total War: WARHAMMER III",1000,643,217,140,64.3,21.7,14,0.954710985576013,0.699155680639905,-5,5,2.00862536340044,156,31
"Totally Accurate Battle Simulator",1000,747,124,129,74.7,12.4,12.9,1.95417852835629,1.875,-5,5,2.21892403291905,343,26
"Town of Salem",1000,546,331,123,54.6,33.1,12.3,0.670544207199923,0.338267896731746,-5,5,2.37050165442513,192,65
"Trailmakers",1000,761,133,106,76.1,13.3,10.6,1.73465358021915,1.42857142857143,-5,5,2.08251195224907,286,21
"Train Simulator Classic 2024",1000,693,150,157,69.3,15,15.7,1.41373598737403,1.09903381642512,-5,5,2.11848981079149,233,23
"Transistor",1000,818,103,79,81.8,10.3,7.9,1.58811062771058,1.2705952697316,-5,5,1.76420124352047,218,7
"Transport Fever",1000,758,133,109,75.8,13.3,10.9,1.41881174589072,1.07142857142857,-5,5,1.82836323733498,208,9
"Tribes of Midgard",1000,664,232,104,66.4,23.2,10.4,1.1164523586432,0.714285714285714,-5,5,2.06945288428753,192,31
"Trine 2: Complete Story",1000,848,82,70,84.8,8.2,7,2.26552596831299,2.13333333333333,-5,5,1.99400153646447,374,13
"Trine Enchanted Edition",1000,850,80,70,85,8,7,2.09917310528632,1.8983268983269,-5,5,1.96182640907087,329,12
"Tropico 4",1000,803,89,108,80.3,8.9,10.8,1.74273500851922,1.4923444024657,-5,5,1.9309680521155,267,14
"Tropico 5",1000,727,163,110,72.7,16.3,11,1.520261008905,1.22035300606729,-5,5,2.05329344783286,257,16
"Tropico 6",1000,744,157,99,74.4,15.7,9.9,1.63412835845285,1.42857142857143,-5,5,2.04543207753062,274,16
"Two Point Hospital",1000,802,88,110,80.2,8.8,11,1.79586349253483,1.53846153846154,-5,5,1.88669102832192,262,9
"ULTRAKILL",1000,526,264,210,52.6,26.4,21,0.736712297820183,0.444444444444444,-5,5,2.46207869640048,209,85
"UNO",1000,422,380,198,42.2,38,19.8,0.023293527134182,0,-5,5,2.19385137441192,92,99
"Ultimate Chicken Horse",1000,661,155,184,66.1,15.5,18.4,1.55960122913987,1.29319955406912,-5,5,2.44035664013372,305,44
"Undertale",1000,674,162,164,67.4,16.2,16.4,1.36839066254231,1.25,-5,5,2.32473316579043,253,46
"Unheard - Voices of Crime",1000,855,75,70,85.5,7.5,7,1.63897387000658,1.3667496886675,-5,5,1.68642471189286,205,9
"Unrailed!",1000,739,141,120,73.9,14.1,12,1.69151032619514,1.5,-5,5,2.21705486121201,291,29
"Untitled Goose Game",1000,738,130,132,73.8,13,13.2,1.71578432780953,1.42857142857143,-5,5,2.18784588230159,301,21
"V Rising",1000,739,159,102,73.9,15.9,10.2,1.34584746689076,1.03300069163126,-5,5,1.90991677668244,194,18
"Valheim",1000,730,171,99,73,17.1,9.9,1.45457269479398,1.25,-5,5,2.09608774500526,235,27
"Vampire Survivors",1000,734,130,136,73.4,13,13.6,1.54308052552806,1.25,-5,5,2.0616307105462,248,20
"Verdun",1000,640,238,122,64,23.8,12.2,1.05919701225538,0.8,-5,5,2.16637028493776,191,42
"Victoria 3",1000,642,218,140,64.2,21.8,14,0.893060649704957,0.571428571428571,-5,5,1.88043923925026,140,27
"Viscera Cleanup Detail",1000,578,243,179,57.8,24.3,17.9,0.819543551557491,0.5,-5,5,1.98435102197682,154,31
"WEBFISHING",1000,710,123,167,71,12.3,16.7,1.55211895923644,1.31723539618276,-5,5,2.04623482643899,251,23
"Wallpaper Engine",1000,704,88,208,70.4,8.8,20.8,1.85394902139196,1.66666666666667,-5,5,2.13915033881078,326,19
"Wargame: Red Dragon",1000,626,235,139,62.6,23.5,13.9,0.935614398273787,0.666666666666667,-5,5,2.20492383788286,188,40
"Warhammer 40,000: Chaos Gate - Daemonhunters",1000,636,289,75,63.6,28.9,7.5,0.876735962717477,0.542997542997543,-5,5,1.80526036236995,141,18
"Warhammer 40,000: Darktide",1000,637,252,111,63.7,25.2,11.1,0.909858565182102,0.592625109745391,-5,5,2.05650432050327,165,44
"Warhammer 40,000: Dawn of War - Anniversary Edition",1000,722,150,128,72.2,15,12.8,1.3480189930934,1.14104882459313,-5,5,2.00716961586045,224,29
"Warhammer 40,000: Dawn of War II - Anniversary Edition",1000,686,198,116,68.6,19.8,11.6,1.11849680593278,0.8,-5,5,1.94354716501767,179,25
"Warhammer 40,000: Dawn of War III",1000,565,318,117,56.5,31.8,11.7,0.485575191428851,0.307765151515151,-5,5,1.89770966786788,94,36
"Warhammer 40,000: Inquisitor - Martyr",1000,747,169,84,74.7,16.9,8.4,1.28490923509377,0.923723335488041,-5,5,1.84535479766325,189,17
"Warhammer 40,000: Rogue Trader",1000,788,108,104,78.8,10.8,10.4,1.31815169014305,0.996688741721854,-5,5,1.66955638657452,158,10
"Warhammer 40,000: Space Marine - Anniversary Edition",1000,673,213,114,67.3,21.3,11.4,1.10088364631308,0.833333333333333,-5,5,2.03583741042261,183,33
"Warhammer 40,000: Space Marine 2",1000,553,303,144,55.3,30.3,14.4,0.597508689108254,0.256410256410256,-5,5,1.99849024690995,131,41
"Warhammer: Vermintide 2",1000,596,252,152,59.6,25.2,15.2,0.834773421820976,0.636945546339704,-5,5,2.25101266287093,176,62
"Watch_Dogs",1000,646,211,143,64.6,21.1,14.3,1.0196421201821,0.782781862745098,-5,5,2.02517003994492,172,30
"Watch_Dogs 2",1000,647,215,138,64.7,21.5,13.8,1.11755342709005,0.87638450966125,-5,5,2.11426130125873,205,33
"Who's Your Daddy?!",1000,558,217,225,55.8,21.7,22.5,1.15164347984701,0.67816091954023,-5,5,2.48908237605376,264,56
"Wobbly Life",1000,854,55,91,85.4,5.5,9.1,2.56226913614679,2.69230769230769,-5,5,1.96997201968539,444,6
"Wolcen: Lords of Mayhem",1000,614,304,82,61.4,30.4,8.2,0.496159463964411,0.396850393700787,-5,5,1.76973432906889,82,37
"Wolfenstein II: The New Colossus",1000,572,309,119,57.2,30.9,11.9,0.64782982311338,0.367003367003367,-5,5,2.15672590997147,144,54
"Wolfenstein: The New Order",1000,592,276,132,59.2,27.6,13.2,0.782693250028022,0.526315789473684,-5,5,2.2575946479578,170,60
"Wolfenstein: Youngblood",1000,435,451,114,43.5,45.1,11.4,-0.0271622622635474,0,-5,5,1.84488708607813,60,64
"Woodle Tree Adventures",1000,579,315,106,57.9,31.5,10.6,0.644359047940107,0.338030851266425,-5,5,2.08774859731488,140,44
"World War Z",1000,665,216,119,66.5,21.6,11.9,1.08472566805723,0.769230769230769,-5,5,2.22071948731373,207,46
"Wreckfest",1000,728,145,127,72.8,14.5,12.7,1.53844357148763,1.15384615384615,-5,5,2.17986596618725,263,26
"X4: Foundations",1000,668,225,107,66.8,22.5,10.7,0.847240063010791,0.549115518627714,-5,5,1.54044577258009,104,9
"XCOM 2",1000,630,234,136,63,23.4,13.6,1.04705494964393,0.645161290322581,-5,5,2.07684329715276,194,31
"XCOM: Enemy Unknown",1000,575,265,160,57.5,26.5,16,0.79363078292886,0.434782608695652,-5,5,1.76454459437186,131,19
"Yakuza 0",1000,673,141,186,67.3,14.1,18.6,1.19292646045393,0.940972222222222,-5,5,1.85984621048723,177,19
"theHunter: Call of the Wild",1000,743,144,113,74.3,14.4,11.3,1.5937099899419,1.28975780566093,-5,5,2.13428834048136,277,29
"鬼谷八荒 Tale of Immortal",1000,702,160,138,70.2,16,13.8,1.09102322393551,0.742710795902285,-5,5,1.67891043542983,141,6
"The Descendant",980,674,168,138,68.7755102040816,17.1428571428571,14.0816326530612,0.997379373803282,0.653622693096377,-5,5,1.76982808070679,138,19
"Crysis 3 Remastered",964,690,155,119,71.5767634854772,16.0788381742739,12.344398340249,1.21872271956097,0.884353741496599,-5,5,1.87151888711873,177,16
"Divide By Sheep",957,738,127,92,77.115987460815,13.2706374085684,9.61337513061651,1.57672585869298,1.23456790123457,-5,5,1.92460574666207,218,11
"Love Is All Around",923,653,102,168,70.7475622968581,11.0509209100758,18.2015167930661,1.44618474793631,1.08108108108108,-5,5,1.90460692777878,209,9
"Braveland",891,718,108,65,80.5836139169472,12.1212121212121,7.29517396184063,1.35425718193826,0.945945945945946,-5,5,1.72469716606775,149,9
"Back to Bed",824,622,114,88,75.4854368932039,13.8349514563107,10.6796116504854,1.13060370634077,0.8,-5,5,1.67380843965921,117,11
"暖雪 Warm Snow",813,631,113,69,77.6137761377614,13.8991389913899,8.48708487084871,1.56088502833679,1.16279069767442,-5,5,1.97014800713654,192,12
"Murderous Pursuits",690,434,178,78,62.8985507246377,25.7971014492754,11.304347826087,0.758418238718983,0.531357128453317,-5,5,1.93947748193908,91,30
"Fortified",565,390,119,56,69.0265486725664,21.0619469026549,9.91150442477876,0.958345770818451,0.597014925373134,-5,5,2.02901377135669,92,27
"Company of Heroes: Opposing Fronts",435,328,49,58,75.4022988505747,11.264367816092,13.3333333333333,1.60419980219162,1.42857142857143,-5,5,1.94759184012605,103,9
"The Scroll Of Taiwu",362,221,61,80,61.0497237569061,16.8508287292818,22.0994475138122,0.933841123613341,0.435514461830251,-5,5,1.71031141970312,49,5
"Capcom Arcade 2nd Stadium",304,178,77,49,58.5526315789474,25.328947368421,16.1184210526316,0.679269383480158,0.451991828396323,-5,5,1.69042720035702,32,5
"The I of the Dragon",265,149,72,44,56.2264150943396,27.1698113207547,16.6037735849057,0.442738813815735,0.24390243902439,-5,5,1.77582498110777,22,10
"Jack Orlando: Director's Cut",173,92,60,21,53.1791907514451,34.6820809248555,12.1387283236994,0.372880828173454,0.19047619047619,-5,5,1.84517818693774,15,8
"CyberCorp",142,110,24,8,77.4647887323944,16.9014084507042,5.63380281690141,1.01690285862809,0.700949885358664,-5,5,1.5839044827048,14,1
"Strobophagia | Rave Horror",80,68,7,5,85,8.75,6.25,1.23439354566798,0.794091710758377,-1.0655737704918,5,1.37283591952879,9,0
"Civilization IV: Beyond the Sword",38,34,1,3,89.4736842105263,2.63157894736842,7.89473684210526,1.96080096846274,2.05909943714822,-4.28571428571429,5,1.81139760768825,10,1
"Sid Meier's Civilization IV",27,21,0,6,77.7777777777778,0,22.2222222222222,2.24327104635308,2.05128205128205,0,5,1.81854323100067,8,0
"Sabre Team",4,3,0,1,75,0,25,1.60453088578089,1.28598484848485,0,3.84615384615385,1.83711745150446,1,0
"Heart of a Warrior",1,1,0,0,100,0,0,0.311614730878187,0.311614730878187,0.311614730878187,0.311614730878187,NA,0,0
